url,http_status,final_url,title,h1_count,description_present,bytes,seconds_single_request,sources
https://voltra.com.ar/,200,https://voltra.com.ar/,Visa,1,True,515135,0.591886,https://voltra.com.ar/ | https://voltra.com.ar/blogs/noticias | https://voltra.com.ar/collections/accesorios-mochila | https://voltra.com.ar/collections/afeitadoras-sumergibles | https://voltra.com.ar/collections/afeitadoras-voltra | https://voltra.com.ar/collections/all | https://voltra.com.ar/collections/all?page=1 | https://voltra.com.ar/collections/all?page=2 | https://voltra.com.ar/collections/aspiradoras-de-mano | https://voltra.com.ar/collections/cafeteria | https://voltra.com.ar/collections/cocina-inteligente | https://voltra.com.ar/collections/filtros-aspiradoras | https://voltra.com.ar/collections/mas-vendidos | https://voltra.com.ar/collections/mas-vendidos?page=1 | https://voltra.com.ar/collections/mas-vendidos?page=2 | https://voltra.com.ar/collections/mochilas-voltra%C2%AE | https://voltra.com.ar/collections/most-sold | https://voltra.com.ar/collections/nuevos-productos | https://voltra.com.ar/collections/ultimos-ingresos | https://voltra.com.ar/collections/wellness-bienestar | https://voltra.com.ar/pages/agradecimiento-voltra | https://voltra.com.ar/pages/colaboraciones-ugc | https://voltra.com.ar/pages/como-comprar | https://voltra.com.ar/pages/como-son-los-envios | https://voltra.com.ar/pages/contact | https://voltra.com.ar/pages/hot-voltra-2026-vip | https://voltra.com.ar/pages/invitacion-vip-hot-voltra | https://voltra.com.ar/pages/mayoristas | https://voltra.com.ar/pages/medios-de-pago | https://voltra.com.ar/pages/politica-de-cambios-y-devoluciones | https://voltra.com.ar/pages/quienes-somos | https://voltra.com.ar/pages/venta-mayorista | https://voltra.com.ar/pages/vip-link-magico-hot-voltra | https://voltra.com.ar/policies/privacy-policy | https://voltra.com.ar/policies/refund-policy | https://voltra.com.ar/policies/shipping-policy | https://voltra.com.ar/policies/terms-of-service | https://voltra.com.ar/products/adaptador-de-carga-usb-voltra | https://voltra.com.ar/products/afeitadora-anti-cortes-100-sumergible-voltra%C2%AE | https://voltra.com.ar/products/afeitadora-corporal-anti-cortes-voltra-ipx7 | https://voltra.com.ar/products/afeitadora-corporal-voltra-blade-pro-sumergible-sin-cortes-sin-lastimaduras | https://voltra.com.ar/products/aspiradora-inalambrica-voltra%C2%AE-3-en-1-black-edition | https://voltra.com.ar/products/aspiradora-inalambrica-voltra-3-en-1 | https://voltra.com.ar/products/aspiradora-para-mascotas-voltra-kit-grooming-perros-y-gatos | https://voltra.com.ar/products/aspiradora-voltra-swift | https://voltra.com.ar/products/auriculares-bluetooth-inalambricos-voltra-pro-run-1-sonido-de-alta-calidad | https://voltra.com.ar/products/bolsa-voltra | https://voltra.com.ar/products/bolsas-al-vacio-premium | https://voltra.com.ar/products/cafe-colombiano-de-especialidad-aura-250g-500g-1000g | https://voltra.com.ar/products/carro-voltra-plegable-reforzado-y-compacto | https://voltra.com.ar/products/filtro-hepa-hl-138 | https://voltra.com.ar/products/hidrolavadora-voltra-portatil-e-inalambrica-de-alta-presion-kit-completo | https://voltra.com.ar/products/kit-polea-de-gluteos-voltra%C2%AE-programa-21-dias-ebook-video | https://voltra.com.ar/products/limpiador-de-manchas-pro-absorbe-seca-y-limpia | https://voltra.com.ar/products/memoria-externa-usb-c-dual-2tb-para-iphone-ipad-usb-c-y-pc | https://voltra.com.ar/products/mini-shaver-voltra-afeitadora-facial-sumergible-ipx7-barba-y-cabello | https://voltra.com.ar/products/mochila-voltra%C2%AE-core-45l | https://voltra.com.ar/products/molinillo-de-cafe-electrico-portatil-recargable-usb-voltra | https://voltra.com.ar/products/molinillo-de-cafe-manual-portatil-voltra%C2%AE | https://voltra.com.ar/products/mosqueton-premium | https://voltra.com.ar/products/pack-x10-filtro-hepa-hl-121 | https://voltra.com.ar/products/pack-x5-velcros-3d-premium | https://voltra.com.ar/products/palm-masajeador | https://voltra.com.ar/products/punchpro%E2%84%A2-bolsa-de-boxeo-antiestres | https://voltra.com.ar/products/relaxit%E2%84%A2-masajeador-de-cuello-espalda-y-hombros-de-16-cabezales | https://voltra.com.ar/products/sellador-al-vacio-voltra | https://voltra.com.ar/products/sellador-al-vacio-voltra-portatil-recargable-para-bolsas-reutilizables-con-valvula-kit-bolsas | https://voltra.com.ar/products/smashit-saco-de-boxeo | https://voltra.com.ar/products/soporte-auto-carga-magnetica | https://voltra.com.ar/products/soporte-de-notebook-voltra%C2%AE-ajustable-ergonomico-y-plegable | https://voltra.com.ar/products/suite-grafito%E2%84%A2-set-de-bano-3-piezas-aterciopelado-antideslizante-ducha-contorno-tapa | https://voltra.com.ar/products/tabla-de-flexiones-push-up-board-plegable-voltra%C2%AE | https://voltra.com.ar/products/voltra-bag-bolsa-manta-plegable-2-en-1 | https://voltra.com.ar/products/voltra-brazelet | https://voltra.com.ar/products/voltra-go-cart-carro-retractil-plegable-multiuso | https://voltra.com.ar/products/voltra-pin-graba-cada-instante | https://voltra.com.ar/products/voltrabox-saco-de-boxeo | https://voltra.com.ar/products/x10-filtro-hepa-hl-138 | https://voltra.com.ar/sitemap_products_1.xml?from=8439813931068&to=10309140774972 | seed
https://voltra.com.ar/products/aspiradora-inalambrica-voltra-3-en-1,200,https://voltra.com.ar/products/aspiradora-inalambrica-voltra-3-en-1,Visa,1,True,544701,0.674707,https://voltra.com.ar/ | https://voltra.com.ar/blogs/noticias | https://voltra.com.ar/collections/accesorios-mochila | https://voltra.com.ar/collections/afeitadoras-sumergibles | https://voltra.com.ar/collections/afeitadoras-voltra | https://voltra.com.ar/collections/all | https://voltra.com.ar/collections/all?page=1 | https://voltra.com.ar/collections/all?page=2 | https://voltra.com.ar/collections/aspiradoras-de-mano | https://voltra.com.ar/collections/cafeteria | https://voltra.com.ar/collections/cocina-inteligente | https://voltra.com.ar/collections/filtros-aspiradoras | https://voltra.com.ar/collections/mas-vendidos | https://voltra.com.ar/collections/mas-vendidos?page=1 | https://voltra.com.ar/collections/mas-vendidos?page=2 | https://voltra.com.ar/collections/mochilas-voltra%C2%AE | https://voltra.com.ar/collections/most-sold | https://voltra.com.ar/collections/nuevos-productos | https://voltra.com.ar/collections/ultimos-ingresos | https://voltra.com.ar/collections/wellness-bienestar | https://voltra.com.ar/pages/agradecimiento-voltra | https://voltra.com.ar/pages/colaboraciones-ugc | https://voltra.com.ar/pages/como-comprar | https://voltra.com.ar/pages/como-son-los-envios | https://voltra.com.ar/pages/contact | https://voltra.com.ar/pages/hot-voltra-2026-vip | https://voltra.com.ar/pages/invitacion-vip-hot-voltra | https://voltra.com.ar/pages/mayoristas | https://voltra.com.ar/pages/medios-de-pago | https://voltra.com.ar/pages/politica-de-cambios-y-devoluciones | https://voltra.com.ar/pages/quienes-somos | https://voltra.com.ar/pages/venta-mayorista | https://voltra.com.ar/pages/vip-link-magico-hot-voltra | https://voltra.com.ar/policies/privacy-policy | https://voltra.com.ar/policies/refund-policy | https://voltra.com.ar/policies/shipping-policy | https://voltra.com.ar/policies/terms-of-service | https://voltra.com.ar/products/adaptador-de-carga-usb-voltra | https://voltra.com.ar/products/afeitadora-anti-cortes-100-sumergible-voltra%C2%AE | https://voltra.com.ar/products/afeitadora-corporal-anti-cortes-voltra-ipx7 | https://voltra.com.ar/products/afeitadora-corporal-voltra-blade-pro-sumergible-sin-cortes-sin-lastimaduras | https://voltra.com.ar/products/aspiradora-inalambrica-voltra%C2%AE-3-en-1-black-edition | https://voltra.com.ar/products/aspiradora-inalambrica-voltra-3-en-1 | https://voltra.com.ar/products/aspiradora-para-mascotas-voltra-kit-grooming-perros-y-gatos | https://voltra.com.ar/products/aspiradora-voltra-swift | https://voltra.com.ar/products/auriculares-bluetooth-inalambricos-voltra-pro-run-1-sonido-de-alta-calidad | https://voltra.com.ar/products/bolsa-voltra | https://voltra.com.ar/products/bolsas-al-vacio-premium | https://voltra.com.ar/products/cafe-colombiano-de-especialidad-aura-250g-500g-1000g | https://voltra.com.ar/products/carro-voltra-plegable-reforzado-y-compacto | https://voltra.com.ar/products/filtro-hepa-hl-138 | https://voltra.com.ar/products/hidrolavadora-voltra-portatil-e-inalambrica-de-alta-presion-kit-completo | https://voltra.com.ar/products/kit-polea-de-gluteos-voltra%C2%AE-programa-21-dias-ebook-video | https://voltra.com.ar/products/limpiador-de-manchas-pro-absorbe-seca-y-limpia | https://voltra.com.ar/products/memoria-externa-usb-c-dual-2tb-para-iphone-ipad-usb-c-y-pc | https://voltra.com.ar/products/mini-shaver-voltra-afeitadora-facial-sumergible-ipx7-barba-y-cabello | https://voltra.com.ar/products/mochila-voltra%C2%AE-core-45l | https://voltra.com.ar/products/molinillo-de-cafe-electrico-portatil-recargable-usb-voltra | https://voltra.com.ar/products/molinillo-de-cafe-manual-portatil-voltra%C2%AE | https://voltra.com.ar/products/mosqueton-premium | https://voltra.com.ar/products/pack-x10-filtro-hepa-hl-121 | https://voltra.com.ar/products/pack-x5-velcros-3d-premium | https://voltra.com.ar/products/palm-masajeador | https://voltra.com.ar/products/punchpro%E2%84%A2-bolsa-de-boxeo-antiestres | https://voltra.com.ar/products/relaxit%E2%84%A2-masajeador-de-cuello-espalda-y-hombros-de-16-cabezales | https://voltra.com.ar/products/sellador-al-vacio-voltra | https://voltra.com.ar/products/sellador-al-vacio-voltra-portatil-recargable-para-bolsas-reutilizables-con-valvula-kit-bolsas | https://voltra.com.ar/products/smashit-saco-de-boxeo | https://voltra.com.ar/products/soporte-auto-carga-magnetica | https://voltra.com.ar/products/soporte-de-notebook-voltra%C2%AE-ajustable-ergonomico-y-plegable | https://voltra.com.ar/products/suite-grafito%E2%84%A2-set-de-bano-3-piezas-aterciopelado-antideslizante-ducha-contorno-tapa | https://voltra.com.ar/products/tabla-de-flexiones-push-up-board-plegable-voltra%C2%AE | https://voltra.com.ar/products/voltra-bag-bolsa-manta-plegable-2-en-1 | https://voltra.com.ar/products/voltra-brazelet | https://voltra.com.ar/products/voltra-go-cart-carro-retractil-plegable-multiuso | https://voltra.com.ar/products/voltra-pin-graba-cada-instante | https://voltra.com.ar/products/voltrabox-saco-de-boxeo | https://voltra.com.ar/products/x10-filtro-hepa-hl-138 | https://voltra.com.ar/sitemap_products_1.xml?from=8439813931068&to=10309140774972
https://voltra.com.ar/products/soporte-auto-carga-magnetica,200,https://voltra.com.ar/products/soporte-auto-carga-magnetica,Visa,1,True,439648,0.601788,https://voltra.com.ar/collections/all | https://voltra.com.ar/collections/all?page=1 | https://voltra.com.ar/products/soporte-auto-carga-magnetica | https://voltra.com.ar/sitemap_products_1.xml?from=8439813931068&to=10309140774972
https://voltra.com.ar/products/pack-x5-velcros-3d-premium,200,https://voltra.com.ar/products/pack-x5-velcros-3d-premium,Visa,1,True,401318,0.555180,https://voltra.com.ar/collections/accesorios-mochila | https://voltra.com.ar/collections/all | https://voltra.com.ar/collections/all?page=1 | https://voltra.com.ar/collections/mochilas-voltra%C2%AE | https://voltra.com.ar/products/pack-x5-velcros-3d-premium | https://voltra.com.ar/sitemap_products_1.xml?from=8439813931068&to=10309140774972
https://voltra.com.ar/products/mosqueton-premium,200,https://voltra.com.ar/products/mosqueton-premium,Visa,1,True,366803,0.603132,https://voltra.com.ar/collections/accesorios-mochila | https://voltra.com.ar/collections/all | https://voltra.com.ar/collections/all?page=1 | https://voltra.com.ar/products/mosqueton-premium | https://voltra.com.ar/sitemap_products_1.xml?from=8439813931068&to=10309140774972
https://voltra.com.ar/products/aspiradora-inalambrica-voltra%C2%AE-3-en-1-black-edition,200,https://voltra.com.ar/products/aspiradora-inalambrica-voltra%C2%AE-3-en-1-black-edition,Visa,1,True,641764,0.641779,https://voltra.com.ar/ | https://voltra.com.ar/blogs/noticias | https://voltra.com.ar/collections/accesorios-mochila | https://voltra.com.ar/collections/afeitadoras-sumergibles | https://voltra.com.ar/collections/afeitadoras-voltra | https://voltra.com.ar/collections/all | https://voltra.com.ar/collections/all?page=1 | https://voltra.com.ar/collections/all?page=2 | https://voltra.com.ar/collections/aspiradoras-de-mano | https://voltra.com.ar/collections/cafeteria | https://voltra.com.ar/collections/cocina-inteligente | https://voltra.com.ar/collections/filtros-aspiradoras | https://voltra.com.ar/collections/mas-vendidos | https://voltra.com.ar/collections/mas-vendidos?page=1 | https://voltra.com.ar/collections/mas-vendidos?page=2 | https://voltra.com.ar/collections/mochilas-voltra%C2%AE | https://voltra.com.ar/collections/most-sold | https://voltra.com.ar/collections/nuevos-productos | https://voltra.com.ar/collections/ultimos-ingresos | https://voltra.com.ar/collections/wellness-bienestar | https://voltra.com.ar/pages/agradecimiento-voltra | https://voltra.com.ar/pages/colaboraciones-ugc | https://voltra.com.ar/pages/como-comprar | https://voltra.com.ar/pages/como-son-los-envios | https://voltra.com.ar/pages/contact | https://voltra.com.ar/pages/hot-voltra-2026-vip | https://voltra.com.ar/pages/invitacion-vip-hot-voltra | https://voltra.com.ar/pages/mayoristas | https://voltra.com.ar/pages/medios-de-pago | https://voltra.com.ar/pages/politica-de-cambios-y-devoluciones | https://voltra.com.ar/pages/quienes-somos | https://voltra.com.ar/pages/venta-mayorista | https://voltra.com.ar/pages/vip-link-magico-hot-voltra | https://voltra.com.ar/policies/privacy-policy | https://voltra.com.ar/policies/refund-policy | https://voltra.com.ar/policies/shipping-policy | https://voltra.com.ar/policies/terms-of-service | https://voltra.com.ar/products/adaptador-de-carga-usb-voltra | https://voltra.com.ar/products/afeitadora-anti-cortes-100-sumergible-voltra%C2%AE | https://voltra.com.ar/products/afeitadora-corporal-anti-cortes-voltra-ipx7 | https://voltra.com.ar/products/afeitadora-corporal-voltra-blade-pro-sumergible-sin-cortes-sin-lastimaduras | https://voltra.com.ar/products/aspiradora-inalambrica-voltra%C2%AE-3-en-1-black-edition | https://voltra.com.ar/products/aspiradora-inalambrica-voltra-3-en-1 | https://voltra.com.ar/products/aspiradora-para-mascotas-voltra-kit-grooming-perros-y-gatos | https://voltra.com.ar/products/aspiradora-voltra-swift | https://voltra.com.ar/products/auriculares-bluetooth-inalambricos-voltra-pro-run-1-sonido-de-alta-calidad | https://voltra.com.ar/products/bolsa-voltra | https://voltra.com.ar/products/bolsas-al-vacio-premium | https://voltra.com.ar/products/cafe-colombiano-de-especialidad-aura-250g-500g-1000g | https://voltra.com.ar/products/carro-voltra-plegable-reforzado-y-compacto | https://voltra.com.ar/products/filtro-hepa-hl-138 | https://voltra.com.ar/products/hidrolavadora-voltra-portatil-e-inalambrica-de-alta-presion-kit-completo | https://voltra.com.ar/products/kit-polea-de-gluteos-voltra%C2%AE-programa-21-dias-ebook-video | https://voltra.com.ar/products/limpiador-de-manchas-pro-absorbe-seca-y-limpia | https://voltra.com.ar/products/memoria-externa-usb-c-dual-2tb-para-iphone-ipad-usb-c-y-pc | https://voltra.com.ar/products/mini-shaver-voltra-afeitadora-facial-sumergible-ipx7-barba-y-cabello | https://voltra.com.ar/products/mochila-voltra%C2%AE-core-45l | https://voltra.com.ar/products/molinillo-de-cafe-electrico-portatil-recargable-usb-voltra | https://voltra.com.ar/products/molinillo-de-cafe-manual-portatil-voltra%C2%AE | https://voltra.com.ar/products/mosqueton-premium | https://voltra.com.ar/products/pack-x10-filtro-hepa-hl-121 | https://voltra.com.ar/products/pack-x5-velcros-3d-premium | https://voltra.com.ar/products/palm-masajeador | https://voltra.com.ar/products/punchpro%E2%84%A2-bolsa-de-boxeo-antiestres | https://voltra.com.ar/products/relaxit%E2%84%A2-masajeador-de-cuello-espalda-y-hombros-de-16-cabezales | https://voltra.com.ar/products/sellador-al-vacio-voltra | https://voltra.com.ar/products/sellador-al-vacio-voltra-portatil-recargable-para-bolsas-reutilizables-con-valvula-kit-bolsas | https://voltra.com.ar/products/smashit-saco-de-boxeo | https://voltra.com.ar/products/soporte-auto-carga-magnetica | https://voltra.com.ar/products/soporte-de-notebook-voltra%C2%AE-ajustable-ergonomico-y-plegable | https://voltra.com.ar/products/suite-grafito%E2%84%A2-set-de-bano-3-piezas-aterciopelado-antideslizante-ducha-contorno-tapa | https://voltra.com.ar/products/tabla-de-flexiones-push-up-board-plegable-voltra%C2%AE | https://voltra.com.ar/products/voltra-bag-bolsa-manta-plegable-2-en-1 | https://voltra.com.ar/products/voltra-brazelet | https://voltra.com.ar/products/voltra-go-cart-carro-retractil-plegable-multiuso | https://voltra.com.ar/products/voltra-pin-graba-cada-instante | https://voltra.com.ar/products/voltrabox-saco-de-boxeo | https://voltra.com.ar/products/x10-filtro-hepa-hl-138 | https://voltra.com.ar/sitemap_products_1.xml?from=8439813931068&to=10309140774972
https://voltra.com.ar/products/mochila-voltra%C2%AE-core-45l,200,https://voltra.com.ar/products/mochila-voltra%C2%AE-core-45l,Visa,1,True,784106,0.796072,https://voltra.com.ar/ | https://voltra.com.ar/blogs/noticias | https://voltra.com.ar/collections/accesorios-mochila | https://voltra.com.ar/collections/afeitadoras-sumergibles | https://voltra.com.ar/collections/afeitadoras-voltra | https://voltra.com.ar/collections/all | https://voltra.com.ar/collections/all?page=1 | https://voltra.com.ar/collections/all?page=2 | https://voltra.com.ar/collections/aspiradoras-de-mano | https://voltra.com.ar/collections/cafeteria | https://voltra.com.ar/collections/cocina-inteligente | https://voltra.com.ar/collections/filtros-aspiradoras | https://voltra.com.ar/collections/mas-vendidos | https://voltra.com.ar/collections/mas-vendidos?page=1 | https://voltra.com.ar/collections/mas-vendidos?page=2 | https://voltra.com.ar/collections/mochilas-voltra%C2%AE | https://voltra.com.ar/collections/most-sold | https://voltra.com.ar/collections/nuevos-productos | https://voltra.com.ar/collections/ultimos-ingresos | https://voltra.com.ar/collections/wellness-bienestar | https://voltra.com.ar/pages/agradecimiento-voltra | https://voltra.com.ar/pages/colaboraciones-ugc | https://voltra.com.ar/pages/como-comprar | https://voltra.com.ar/pages/como-son-los-envios | https://voltra.com.ar/pages/contact | https://voltra.com.ar/pages/hot-voltra-2026-vip | https://voltra.com.ar/pages/invitacion-vip-hot-voltra | https://voltra.com.ar/pages/mayoristas | https://voltra.com.ar/pages/medios-de-pago | https://voltra.com.ar/pages/politica-de-cambios-y-devoluciones | https://voltra.com.ar/pages/quienes-somos | https://voltra.com.ar/pages/venta-mayorista | https://voltra.com.ar/pages/vip-link-magico-hot-voltra | https://voltra.com.ar/policies/privacy-policy | https://voltra.com.ar/policies/refund-policy | https://voltra.com.ar/policies/shipping-policy | https://voltra.com.ar/policies/terms-of-service | https://voltra.com.ar/products/adaptador-de-carga-usb-voltra | https://voltra.com.ar/products/afeitadora-anti-cortes-100-sumergible-voltra%C2%AE | https://voltra.com.ar/products/afeitadora-corporal-anti-cortes-voltra-ipx7 | https://voltra.com.ar/products/afeitadora-corporal-voltra-blade-pro-sumergible-sin-cortes-sin-lastimaduras | https://voltra.com.ar/products/aspiradora-inalambrica-voltra%C2%AE-3-en-1-black-edition | https://voltra.com.ar/products/aspiradora-inalambrica-voltra-3-en-1 | https://voltra.com.ar/products/aspiradora-para-mascotas-voltra-kit-grooming-perros-y-gatos | https://voltra.com.ar/products/aspiradora-voltra-swift | https://voltra.com.ar/products/auriculares-bluetooth-inalambricos-voltra-pro-run-1-sonido-de-alta-calidad | https://voltra.com.ar/products/bolsa-voltra | https://voltra.com.ar/products/bolsas-al-vacio-premium | https://voltra.com.ar/products/cafe-colombiano-de-especialidad-aura-250g-500g-1000g | https://voltra.com.ar/products/carro-voltra-plegable-reforzado-y-compacto | https://voltra.com.ar/products/filtro-hepa-hl-138 | https://voltra.com.ar/products/hidrolavadora-voltra-portatil-e-inalambrica-de-alta-presion-kit-completo | https://voltra.com.ar/products/kit-polea-de-gluteos-voltra%C2%AE-programa-21-dias-ebook-video | https://voltra.com.ar/products/limpiador-de-manchas-pro-absorbe-seca-y-limpia | https://voltra.com.ar/products/memoria-externa-usb-c-dual-2tb-para-iphone-ipad-usb-c-y-pc | https://voltra.com.ar/products/mini-shaver-voltra-afeitadora-facial-sumergible-ipx7-barba-y-cabello | https://voltra.com.ar/products/mochila-voltra%C2%AE-core-45l | https://voltra.com.ar/products/molinillo-de-cafe-electrico-portatil-recargable-usb-voltra | https://voltra.com.ar/products/molinillo-de-cafe-manual-portatil-voltra%C2%AE | https://voltra.com.ar/products/mosqueton-premium | https://voltra.com.ar/products/pack-x10-filtro-hepa-hl-121 | https://voltra.com.ar/products/pack-x5-velcros-3d-premium | https://voltra.com.ar/products/palm-masajeador | https://voltra.com.ar/products/punchpro%E2%84%A2-bolsa-de-boxeo-antiestres | https://voltra.com.ar/products/relaxit%E2%84%A2-masajeador-de-cuello-espalda-y-hombros-de-16-cabezales | https://voltra.com.ar/products/sellador-al-vacio-voltra | https://voltra.com.ar/products/sellador-al-vacio-voltra-portatil-recargable-para-bolsas-reutilizables-con-valvula-kit-bolsas | https://voltra.com.ar/products/smashit-saco-de-boxeo | https://voltra.com.ar/products/soporte-auto-carga-magnetica | https://voltra.com.ar/products/soporte-de-notebook-voltra%C2%AE-ajustable-ergonomico-y-plegable | https://voltra.com.ar/products/suite-grafito%E2%84%A2-set-de-bano-3-piezas-aterciopelado-antideslizante-ducha-contorno-tapa | https://voltra.com.ar/products/tabla-de-flexiones-push-up-board-plegable-voltra%C2%AE | https://voltra.com.ar/products/voltra-bag-bolsa-manta-plegable-2-en-1 | https://voltra.com.ar/products/voltra-brazelet | https://voltra.com.ar/products/voltra-go-cart-carro-retractil-plegable-multiuso | https://voltra.com.ar/products/voltra-pin-graba-cada-instante | https://voltra.com.ar/products/voltrabox-saco-de-boxeo | https://voltra.com.ar/products/x10-filtro-hepa-hl-138 | https://voltra.com.ar/sitemap_products_1.xml?from=8439813931068&to=10309140774972
https://voltra.com.ar/products/palm-masajeador,200,https://voltra.com.ar/products/palm-masajeador,Visa,1,True,473020,0.662053,https://voltra.com.ar/ | https://voltra.com.ar/collections/all | https://voltra.com.ar/collections/all?page=1 | https://voltra.com.ar/collections/mas-vendidos | https://voltra.com.ar/collections/mas-vendidos?page=1 | https://voltra.com.ar/collections/most-sold | https://voltra.com.ar/collections/ultimos-ingresos | https://voltra.com.ar/collections/wellness-bienestar | https://voltra.com.ar/products/afeitadora-corporal-anti-cortes-voltra-ipx7 | https://voltra.com.ar/products/palm-masajeador | https://voltra.com.ar/products/sellador-al-vacio-voltra-portatil-recargable-para-bolsas-reutilizables-con-valvula-kit-bolsas | https://voltra.com.ar/sitemap_products_1.xml?from=8439813931068&to=10309140774972
https://voltra.com.ar/products/voltrabox-saco-de-boxeo,200,https://voltra.com.ar/products/voltrabox-saco-de-boxeo,Visa,1,True,567505,0.589251,https://voltra.com.ar/ | https://voltra.com.ar/collections/all | https://voltra.com.ar/collections/all?page=1 | https://voltra.com.ar/collections/mas-vendidos | https://voltra.com.ar/collections/mas-vendidos?page=1 | https://voltra.com.ar/collections/most-sold | https://voltra.com.ar/collections/ultimos-ingresos | https://voltra.com.ar/collections/wellness-bienestar | https://voltra.com.ar/products/afeitadora-corporal-anti-cortes-voltra-ipx7 | https://voltra.com.ar/products/sellador-al-vacio-voltra-portatil-recargable-para-bolsas-reutilizables-con-valvula-kit-bolsas | https://voltra.com.ar/products/smashit-saco-de-boxeo | https://voltra.com.ar/products/voltrabox-saco-de-boxeo | https://voltra.com.ar/sitemap_products_1.xml?from=8439813931068&to=10309140774972
https://voltra.com.ar/products/sellador-al-vacio-voltra,200,https://voltra.com.ar/products/sellador-al-vacio-voltra,Visa,1,True,507225,0.686779,https://voltra.com.ar/ | https://voltra.com.ar/collections/all?page=2 | https://voltra.com.ar/collections/cocina-inteligente | https://voltra.com.ar/collections/mas-vendidos | https://voltra.com.ar/collections/mas-vendidos?page=1 | https://voltra.com.ar/collections/ultimos-ingresos | https://voltra.com.ar/products/afeitadora-corporal-anti-cortes-voltra-ipx7 | https://voltra.com.ar/products/sellador-al-vacio-voltra | https://voltra.com.ar/products/sellador-al-vacio-voltra-portatil-recargable-para-bolsas-reutilizables-con-valvula-kit-bolsas | https://voltra.com.ar/sitemap_products_1.xml?from=8439813931068&to=10309140774972
https://voltra.com.ar/products/bolsas-al-vacio-premium,200,https://voltra.com.ar/products/bolsas-al-vacio-premium,Visa,1,True,435112,0.591422,https://voltra.com.ar/ | https://voltra.com.ar/collections/all?page=2 | https://voltra.com.ar/collections/cocina-inteligente | https://voltra.com.ar/collections/mas-vendidos?page=2 | https://voltra.com.ar/collections/ultimos-ingresos | https://voltra.com.ar/products/afeitadora-corporal-anti-cortes-voltra-ipx7 | https://voltra.com.ar/products/bolsas-al-vacio-premium | https://voltra.com.ar/products/sellador-al-vacio-voltra-portatil-recargable-para-bolsas-reutilizables-con-valvula-kit-bolsas | https://voltra.com.ar/sitemap_products_1.xml?from=8439813931068&to=10309140774972
https://voltra.com.ar/products/molinillo-de-cafe-electrico-portatil-recargable-usb-voltra,200,https://voltra.com.ar/products/molinillo-de-cafe-electrico-portatil-recargable-usb-voltra,Visa,1,True,561995,0.727995,https://voltra.com.ar/collections/all | https://voltra.com.ar/collections/all?page=1 | https://voltra.com.ar/products/molinillo-de-cafe-electrico-portatil-recargable-usb-voltra | https://voltra.com.ar/sitemap_products_1.xml?from=8439813931068&to=10309140774972
https://voltra.com.ar/products/molinillo-de-cafe-manual-portatil-voltra%C2%AE,200,https://voltra.com.ar/products/molinillo-de-cafe-manual-portatil-voltra%C2%AE,Visa,1,True,508823,0.597597,https://voltra.com.ar/collections/all | https://voltra.com.ar/collections/all?page=1 | https://voltra.com.ar/collections/cafeteria | https://voltra.com.ar/products/molinillo-de-cafe-manual-portatil-voltra%C2%AE | https://voltra.com.ar/sitemap_products_1.xml?from=8439813931068&to=10309140774972
https://voltra.com.ar/products/tabla-de-flexiones-push-up-board-plegable-voltra%C2%AE,200,https://voltra.com.ar/products/tabla-de-flexiones-push-up-board-plegable-voltra%C2%AE,Visa,1,True,431281,0.710093,https://voltra.com.ar/collections/all | https://voltra.com.ar/collections/all?page=1 | https://voltra.com.ar/collections/wellness-bienestar | https://voltra.com.ar/products/tabla-de-flexiones-push-up-board-plegable-voltra%C2%AE | https://voltra.com.ar/sitemap_products_1.xml?from=8439813931068&to=10309140774972
https://voltra.com.ar/products/cafe-colombiano-de-especialidad-aura-250g-500g-1000g,200,https://voltra.com.ar/products/cafe-colombiano-de-especialidad-aura-250g-500g-1000g,Visa,1,True,458543,0.665895,https://voltra.com.ar/collections/all | https://voltra.com.ar/collections/all?page=1 | https://voltra.com.ar/collections/cafeteria | https://voltra.com.ar/products/cafe-colombiano-de-especialidad-aura-250g-500g-1000g | https://voltra.com.ar/sitemap_products_1.xml?from=8439813931068&to=10309140774972
https://voltra.com.ar/products/memoria-externa-usb-c-dual-2tb-para-iphone-ipad-usb-c-y-pc,200,https://voltra.com.ar/products/memoria-externa-usb-c-dual-2tb-para-iphone-ipad-usb-c-y-pc,Visa,1,True,442329,0.578152,https://voltra.com.ar/collections/all | https://voltra.com.ar/collections/all?page=1 | https://voltra.com.ar/products/memoria-externa-usb-c-dual-2tb-para-iphone-ipad-usb-c-y-pc | https://voltra.com.ar/sitemap_products_1.xml?from=8439813931068&to=10309140774972
https://voltra.com.ar/products/afeitadora-anti-cortes-100-sumergible-voltra%C2%AE,200,https://voltra.com.ar/products/afeitadora-anti-cortes-100-sumergible-voltra%C2%AE,Visa,1,True,743512,0.753095,https://voltra.com.ar/ | https://voltra.com.ar/collections/afeitadoras-sumergibles | https://voltra.com.ar/collections/all | https://voltra.com.ar/collections/all?page=1 | https://voltra.com.ar/collections/mas-vendidos | https://voltra.com.ar/collections/mas-vendidos?page=1 | https://voltra.com.ar/collections/wellness-bienestar | https://voltra.com.ar/products/afeitadora-anti-cortes-100-sumergible-voltra%C2%AE | https://voltra.com.ar/products/afeitadora-corporal-anti-cortes-voltra-ipx7 | https://voltra.com.ar/products/sellador-al-vacio-voltra-portatil-recargable-para-bolsas-reutilizables-con-valvula-kit-bolsas | https://voltra.com.ar/sitemap_products_1.xml?from=8439813931068&to=10309140774972
https://voltra.com.ar/products/suite-grafito%E2%84%A2-set-de-bano-3-piezas-aterciopelado-antideslizante-ducha-contorno-tapa,200,https://voltra.com.ar/products/suite-grafito%E2%84%A2-set-de-bano-3-piezas-aterciopelado-antideslizante-ducha-contorno-tapa,Visa,1,True,416575,0.584605,https://voltra.com.ar/collections/all | https://voltra.com.ar/collections/all?page=1 | https://voltra.com.ar/products/suite-grafito%E2%84%A2-set-de-bano-3-piezas-aterciopelado-antideslizante-ducha-contorno-tapa | https://voltra.com.ar/sitemap_products_1.xml?from=8439813931068&to=10309140774972
https://voltra.com.ar/products/kit-polea-de-gluteos-voltra%C2%AE-programa-21-dias-ebook-video,200,https://voltra.com.ar/products/kit-polea-de-gluteos-voltra%C2%AE-programa-21-dias-ebook-video,Visa,1,True,397880,0.640949,https://voltra.com.ar/collections/all | https://voltra.com.ar/collections/all?page=1 | https://voltra.com.ar/products/kit-polea-de-gluteos-voltra%C2%AE-programa-21-dias-ebook-video | https://voltra.com.ar/sitemap_products_1.xml?from=8439813931068&to=10309140774972
https://voltra.com.ar/products/voltra-brazelet,200,https://voltra.com.ar/products/voltra-brazelet,Visa,1,True,512362,0.675855,https://voltra.com.ar/ | https://voltra.com.ar/collections/all | https://voltra.com.ar/collections/all?page=1 | https://voltra.com.ar/collections/mas-vendidos | https://voltra.com.ar/collections/mas-vendidos?page=1 | https://voltra.com.ar/collections/most-sold | https://voltra.com.ar/collections/ultimos-ingresos | https://voltra.com.ar/collections/wellness-bienestar | https://voltra.com.ar/products/afeitadora-corporal-anti-cortes-voltra-ipx7 | https://voltra.com.ar/products/sellador-al-vacio-voltra-portatil-recargable-para-bolsas-reutilizables-con-valvula-kit-bolsas | https://voltra.com.ar/products/voltra-brazelet | https://voltra.com.ar/sitemap_products_1.xml?from=8439813931068&to=10309140774972
https://voltra.com.ar/products/mini-shaver-voltra-afeitadora-facial-sumergible-ipx7-barba-y-cabello,200,https://voltra.com.ar/products/mini-shaver-voltra-afeitadora-facial-sumergible-ipx7-barba-y-cabello,Visa,1,True,534377,0.634045,https://voltra.com.ar/ | https://voltra.com.ar/collections/afeitadoras-sumergibles | https://voltra.com.ar/collections/all?page=2 | https://voltra.com.ar/collections/mas-vendidos | https://voltra.com.ar/collections/mas-vendidos?page=1 | https://voltra.com.ar/collections/ultimos-ingresos | https://voltra.com.ar/products/afeitadora-corporal-anti-cortes-voltra-ipx7 | https://voltra.com.ar/products/mini-shaver-voltra-afeitadora-facial-sumergible-ipx7-barba-y-cabello | https://voltra.com.ar/products/sellador-al-vacio-voltra-portatil-recargable-para-bolsas-reutilizables-con-valvula-kit-bolsas | https://voltra.com.ar/sitemap_products_1.xml?from=8439813931068&to=10309140774972
https://voltra.com.ar/products/afeitadora-corporal-voltra-blade-pro-sumergible-sin-cortes-sin-lastimaduras,200,https://voltra.com.ar/products/afeitadora-corporal-voltra-blade-pro-sumergible-sin-cortes-sin-lastimaduras,Visa,1,False,516877,0.593743,https://voltra.com.ar/ | https://voltra.com.ar/collections/afeitadoras-sumergibles | https://voltra.com.ar/collections/all?page=2 | https://voltra.com.ar/collections/mas-vendidos | https://voltra.com.ar/collections/mas-vendidos?page=1 | https://voltra.com.ar/collections/ultimos-ingresos | https://voltra.com.ar/products/afeitadora-corporal-anti-cortes-voltra-ipx7 | https://voltra.com.ar/products/afeitadora-corporal-voltra-blade-pro-sumergible-sin-cortes-sin-lastimaduras | https://voltra.com.ar/products/sellador-al-vacio-voltra-portatil-recargable-para-bolsas-reutilizables-con-valvula-kit-bolsas | https://voltra.com.ar/sitemap_products_1.xml?from=8439813931068&to=10309140774972
https://voltra.com.ar/products/auriculares-bluetooth-inalambricos-voltra-pro-run-1-sonido-de-alta-calidad,200,https://voltra.com.ar/products/auriculares-bluetooth-inalambricos-voltra-pro-run-1-sonido-de-alta-calidad,Visa,1,False,529396,0.633886,https://voltra.com.ar/ | https://voltra.com.ar/collections/all?page=2 | https://voltra.com.ar/collections/mas-vendidos | https://voltra.com.ar/collections/mas-vendidos?page=1 | https://voltra.com.ar/collections/most-sold | https://voltra.com.ar/collections/ultimos-ingresos | https://voltra.com.ar/products/afeitadora-corporal-anti-cortes-voltra-ipx7 | https://voltra.com.ar/products/auriculares-bluetooth-inalambricos-voltra-pro-run-1-sonido-de-alta-calidad | https://voltra.com.ar/products/sellador-al-vacio-voltra-portatil-recargable-para-bolsas-reutilizables-con-valvula-kit-bolsas | https://voltra.com.ar/sitemap_products_1.xml?from=8439813931068&to=10309140774972
https://voltra.com.ar/products/soporte-de-notebook-voltra%C2%AE-ajustable-ergonomico-y-plegable,200,https://voltra.com.ar/products/soporte-de-notebook-voltra%C2%AE-ajustable-ergonomico-y-plegable,Visa,1,False,482202,0.650035,https://voltra.com.ar/ | https://voltra.com.ar/collections/all?page=2 | https://voltra.com.ar/collections/mas-vendidos | https://voltra.com.ar/collections/mas-vendidos?page=1 | https://voltra.com.ar/collections/ultimos-ingresos | https://voltra.com.ar/products/afeitadora-corporal-anti-cortes-voltra-ipx7 | https://voltra.com.ar/products/sellador-al-vacio-voltra-portatil-recargable-para-bolsas-reutilizables-con-valvula-kit-bolsas | https://voltra.com.ar/products/soporte-de-notebook-voltra%C2%AE-ajustable-ergonomico-y-plegable | https://voltra.com.ar/sitemap_products_1.xml?from=8439813931068&to=10309140774972
https://voltra.com.ar/products/voltra-pin-graba-cada-instante,200,https://voltra.com.ar/products/voltra-pin-graba-cada-instante,Visa,1,False,476371,0.625196,https://voltra.com.ar/ | https://voltra.com.ar/collections/all?page=2 | https://voltra.com.ar/collections/mas-vendidos | https://voltra.com.ar/collections/mas-vendidos?page=1 | https://voltra.com.ar/collections/most-sold | https://voltra.com.ar/collections/ultimos-ingresos | https://voltra.com.ar/products/afeitadora-corporal-anti-cortes-voltra-ipx7 | https://voltra.com.ar/products/sellador-al-vacio-voltra-portatil-recargable-para-bolsas-reutilizables-con-valvula-kit-bolsas | https://voltra.com.ar/products/voltra-pin-graba-cada-instante | https://voltra.com.ar/sitemap_products_1.xml?from=8439813931068&to=10309140774972
https://voltra.com.ar/products/adaptador-de-carga-usb-voltra,200,https://voltra.com.ar/products/adaptador-de-carga-usb-voltra,Visa,1,False,336590,0.619916,https://voltra.com.ar/collections/all?page=2 | https://voltra.com.ar/products/adaptador-de-carga-usb-voltra | https://voltra.com.ar/sitemap_products_1.xml?from=8439813931068&to=10309140774972
https://voltra.com.ar/products/punchpro%E2%84%A2-bolsa-de-boxeo-antiestres,200,https://voltra.com.ar/products/punchpro%E2%84%A2-bolsa-de-boxeo-antiestres,Visa,1,False,469916,0.642715,https://voltra.com.ar/ | https://voltra.com.ar/collections/all?page=2 | https://voltra.com.ar/collections/mas-vendidos | https://voltra.com.ar/collections/mas-vendidos?page=1 | https://voltra.com.ar/collections/ultimos-ingresos | https://voltra.com.ar/products/afeitadora-corporal-anti-cortes-voltra-ipx7 | https://voltra.com.ar/products/punchpro%E2%84%A2-bolsa-de-boxeo-antiestres | https://voltra.com.ar/products/sellador-al-vacio-voltra-portatil-recargable-para-bolsas-reutilizables-con-valvula-kit-bolsas | https://voltra.com.ar/sitemap_products_1.xml?from=8439813931068&to=10309140774972
https://voltra.com.ar/products/relaxit%E2%84%A2-masajeador-de-cuello-espalda-y-hombros-de-16-cabezales,200,https://voltra.com.ar/products/relaxit%E2%84%A2-masajeador-de-cuello-espalda-y-hombros-de-16-cabezales,Visa,1,False,500380,0.653821,https://voltra.com.ar/ | https://voltra.com.ar/collections/all?page=2 | https://voltra.com.ar/collections/mas-vendidos | https://voltra.com.ar/collections/mas-vendidos?page=1 | https://voltra.com.ar/collections/ultimos-ingresos | https://voltra.com.ar/products/afeitadora-corporal-anti-cortes-voltra-ipx7 | https://voltra.com.ar/products/relaxit%E2%84%A2-masajeador-de-cuello-espalda-y-hombros-de-16-cabezales | https://voltra.com.ar/products/sellador-al-vacio-voltra-portatil-recargable-para-bolsas-reutilizables-con-valvula-kit-bolsas | https://voltra.com.ar/sitemap_products_1.xml?from=8439813931068&to=10309140774972
https://voltra.com.ar/products/voltra-go-cart-carro-retractil-plegable-multiuso,200,https://voltra.com.ar/products/voltra-go-cart-carro-retractil-plegable-multiuso,Visa,1,False,445202,0.607978,https://voltra.com.ar/ | https://voltra.com.ar/collections/all?page=2 | https://voltra.com.ar/collections/mas-vendidos | https://voltra.com.ar/collections/mas-vendidos?page=1 | https://voltra.com.ar/collections/most-sold | https://voltra.com.ar/collections/ultimos-ingresos | https://voltra.com.ar/products/afeitadora-corporal-anti-cortes-voltra-ipx7 | https://voltra.com.ar/products/sellador-al-vacio-voltra-portatil-recargable-para-bolsas-reutilizables-con-valvula-kit-bolsas | https://voltra.com.ar/products/voltra-go-cart-carro-retractil-plegable-multiuso | https://voltra.com.ar/sitemap_products_1.xml?from=8439813931068&to=10309140774972
https://voltra.com.ar/products/voltra-bag-bolsa-manta-plegable-2-en-1,200,https://voltra.com.ar/products/voltra-bag-bolsa-manta-plegable-2-en-1,Visa,1,False,484308,0.543947,https://voltra.com.ar/ | https://voltra.com.ar/collections/all?page=2 | https://voltra.com.ar/collections/mas-vendidos | https://voltra.com.ar/collections/mas-vendidos?page=1 | https://voltra.com.ar/collections/most-sold | https://voltra.com.ar/collections/ultimos-ingresos | https://voltra.com.ar/products/afeitadora-corporal-anti-cortes-voltra-ipx7 | https://voltra.com.ar/products/sellador-al-vacio-voltra-portatil-recargable-para-bolsas-reutilizables-con-valvula-kit-bolsas | https://voltra.com.ar/products/voltra-bag-bolsa-manta-plegable-2-en-1 | https://voltra.com.ar/sitemap_products_1.xml?from=8439813931068&to=10309140774972
https://voltra.com.ar/products/bolsa-voltra,200,https://voltra.com.ar/products/bolsa-voltra,Visa,1,False,350822,0.571544,https://voltra.com.ar/collections/all?page=2 | https://voltra.com.ar/collections/most-sold | https://voltra.com.ar/products/bolsa-voltra | https://voltra.com.ar/sitemap_products_1.xml?from=8439813931068&to=10309140774972
https://voltra.com.ar/products/hidrolavadora-voltra-portatil-e-inalambrica-de-alta-presion-kit-completo,200,https://voltra.com.ar/products/hidrolavadora-voltra-portatil-e-inalambrica-de-alta-presion-kit-completo,Visa,1,False,551571,0.709717,https://voltra.com.ar/ | https://voltra.com.ar/collections/all?page=2 | https://voltra.com.ar/collections/mas-vendidos | https://voltra.com.ar/collections/mas-vendidos?page=1 | https://voltra.com.ar/collections/nuevos-productos | https://voltra.com.ar/collections/ultimos-ingresos | https://voltra.com.ar/products/afeitadora-corporal-anti-cortes-voltra-ipx7 | https://voltra.com.ar/products/aspiradora-para-mascotas-voltra-kit-grooming-perros-y-gatos | https://voltra.com.ar/products/aspiradora-voltra-swift | https://voltra.com.ar/products/hidrolavadora-voltra-portatil-e-inalambrica-de-alta-presion-kit-completo | https://voltra.com.ar/products/sellador-al-vacio-voltra-portatil-recargable-para-bolsas-reutilizables-con-valvula-kit-bolsas | https://voltra.com.ar/sitemap_products_1.xml?from=8439813931068&to=10309140774972
https://voltra.com.ar/products/aspiradora-voltra-swift,200,https://voltra.com.ar/products/aspiradora-voltra-swift,Visa,1,False,472930,0.593308,https://voltra.com.ar/ | https://voltra.com.ar/collections/all?page=2 | https://voltra.com.ar/collections/mas-vendidos | https://voltra.com.ar/collections/mas-vendidos?page=1 | https://voltra.com.ar/collections/nuevos-productos | https://voltra.com.ar/collections/ultimos-ingresos | https://voltra.com.ar/products/afeitadora-corporal-anti-cortes-voltra-ipx7 | https://voltra.com.ar/products/aspiradora-voltra-swift | https://voltra.com.ar/products/sellador-al-vacio-voltra-portatil-recargable-para-bolsas-reutilizables-con-valvula-kit-bolsas | https://voltra.com.ar/sitemap_products_1.xml?from=8439813931068&to=10309140774972
https://voltra.com.ar/products/aspiradora-para-mascotas-voltra-kit-grooming-perros-y-gatos,200,https://voltra.com.ar/products/aspiradora-para-mascotas-voltra-kit-grooming-perros-y-gatos,Visa,1,False,548014,0.654998,https://voltra.com.ar/ | https://voltra.com.ar/collections/all?page=2 | https://voltra.com.ar/collections/mas-vendidos | https://voltra.com.ar/collections/mas-vendidos?page=1 | https://voltra.com.ar/collections/nuevos-productos | https://voltra.com.ar/collections/ultimos-ingresos | https://voltra.com.ar/products/afeitadora-corporal-anti-cortes-voltra-ipx7 | https://voltra.com.ar/products/aspiradora-para-mascotas-voltra-kit-grooming-perros-y-gatos | https://voltra.com.ar/products/sellador-al-vacio-voltra-portatil-recargable-para-bolsas-reutilizables-con-valvula-kit-bolsas | https://voltra.com.ar/sitemap_products_1.xml?from=8439813931068&to=10309140774972
https://voltra.com.ar/products/carro-voltra-plegable-reforzado-y-compacto,200,https://voltra.com.ar/products/carro-voltra-plegable-reforzado-y-compacto,Visa,1,False,602213,0.637066,https://voltra.com.ar/ | https://voltra.com.ar/collections/all?page=2 | https://voltra.com.ar/collections/mas-vendidos | https://voltra.com.ar/collections/mas-vendidos?page=1 | https://voltra.com.ar/collections/ultimos-ingresos | https://voltra.com.ar/products/afeitadora-corporal-anti-cortes-voltra-ipx7 | https://voltra.com.ar/products/carro-voltra-plegable-reforzado-y-compacto | https://voltra.com.ar/products/sellador-al-vacio-voltra-portatil-recargable-para-bolsas-reutilizables-con-valvula-kit-bolsas | https://voltra.com.ar/sitemap_products_1.xml?from=8439813931068&to=10309140774972
https://voltra.com.ar/products/limpiador-de-manchas-pro-absorbe-seca-y-limpia,200,https://voltra.com.ar/products/limpiador-de-manchas-pro-absorbe-seca-y-limpia,Visa,1,False,530960,0.632165,https://voltra.com.ar/ | https://voltra.com.ar/collections/all?page=2 | https://voltra.com.ar/collections/mas-vendidos?page=2 | https://voltra.com.ar/products/afeitadora-corporal-anti-cortes-voltra-ipx7 | https://voltra.com.ar/products/limpiador-de-manchas-pro-absorbe-seca-y-limpia | https://voltra.com.ar/products/sellador-al-vacio-voltra-portatil-recargable-para-bolsas-reutilizables-con-valvula-kit-bolsas | https://voltra.com.ar/sitemap_products_1.xml?from=8439813931068&to=10309140774972
https://voltra.com.ar/pages/contact,200,https://voltra.com.ar/pages/contact,Visa,0,True,291106,0.524126,https://voltra.com.ar/ | https://voltra.com.ar/blogs/noticias | https://voltra.com.ar/collections/accesorios-mochila | https://voltra.com.ar/collections/afeitadoras-sumergibles | https://voltra.com.ar/collections/afeitadoras-voltra | https://voltra.com.ar/collections/all | https://voltra.com.ar/collections/all?page=1 | https://voltra.com.ar/collections/all?page=2 | https://voltra.com.ar/collections/aspiradoras-de-mano | https://voltra.com.ar/collections/cafeteria | https://voltra.com.ar/collections/cocina-inteligente | https://voltra.com.ar/collections/filtros-aspiradoras | https://voltra.com.ar/collections/mas-vendidos | https://voltra.com.ar/collections/mas-vendidos?page=1 | https://voltra.com.ar/collections/mas-vendidos?page=2 | https://voltra.com.ar/collections/mochilas-voltra%C2%AE | https://voltra.com.ar/collections/most-sold | https://voltra.com.ar/collections/nuevos-productos | https://voltra.com.ar/collections/ultimos-ingresos | https://voltra.com.ar/collections/wellness-bienestar | https://voltra.com.ar/pages/agradecimiento-voltra | https://voltra.com.ar/pages/colaboraciones-ugc | https://voltra.com.ar/pages/como-comprar | https://voltra.com.ar/pages/como-son-los-envios | https://voltra.com.ar/pages/contact | https://voltra.com.ar/pages/hot-voltra-2026-vip | https://voltra.com.ar/pages/invitacion-vip-hot-voltra | https://voltra.com.ar/pages/mayoristas | https://voltra.com.ar/pages/medios-de-pago | https://voltra.com.ar/pages/politica-de-cambios-y-devoluciones | https://voltra.com.ar/pages/quienes-somos | https://voltra.com.ar/pages/venta-mayorista | https://voltra.com.ar/pages/vip-link-magico-hot-voltra | https://voltra.com.ar/policies/privacy-policy | https://voltra.com.ar/policies/refund-policy | https://voltra.com.ar/policies/shipping-policy | https://voltra.com.ar/policies/terms-of-service | https://voltra.com.ar/products/adaptador-de-carga-usb-voltra | https://voltra.com.ar/products/afeitadora-anti-cortes-100-sumergible-voltra%C2%AE | https://voltra.com.ar/products/afeitadora-corporal-anti-cortes-voltra-ipx7 | https://voltra.com.ar/products/afeitadora-corporal-voltra-blade-pro-sumergible-sin-cortes-sin-lastimaduras | https://voltra.com.ar/products/aspiradora-inalambrica-voltra%C2%AE-3-en-1-black-edition | https://voltra.com.ar/products/aspiradora-inalambrica-voltra-3-en-1 | https://voltra.com.ar/products/aspiradora-para-mascotas-voltra-kit-grooming-perros-y-gatos | https://voltra.com.ar/products/aspiradora-voltra-swift | https://voltra.com.ar/products/auriculares-bluetooth-inalambricos-voltra-pro-run-1-sonido-de-alta-calidad | https://voltra.com.ar/products/bolsa-voltra | https://voltra.com.ar/products/bolsas-al-vacio-premium | https://voltra.com.ar/products/cafe-colombiano-de-especialidad-aura-250g-500g-1000g | https://voltra.com.ar/products/carro-voltra-plegable-reforzado-y-compacto | https://voltra.com.ar/products/filtro-hepa-hl-138 | https://voltra.com.ar/products/hidrolavadora-voltra-portatil-e-inalambrica-de-alta-presion-kit-completo | https://voltra.com.ar/products/kit-polea-de-gluteos-voltra%C2%AE-programa-21-dias-ebook-video | https://voltra.com.ar/products/limpiador-de-manchas-pro-absorbe-seca-y-limpia | https://voltra.com.ar/products/memoria-externa-usb-c-dual-2tb-para-iphone-ipad-usb-c-y-pc | https://voltra.com.ar/products/mini-shaver-voltra-afeitadora-facial-sumergible-ipx7-barba-y-cabello | https://voltra.com.ar/products/mochila-voltra%C2%AE-core-45l | https://voltra.com.ar/products/molinillo-de-cafe-electrico-portatil-recargable-usb-voltra | https://voltra.com.ar/products/molinillo-de-cafe-manual-portatil-voltra%C2%AE | https://voltra.com.ar/products/mosqueton-premium | https://voltra.com.ar/products/pack-x10-filtro-hepa-hl-121 | https://voltra.com.ar/products/pack-x5-velcros-3d-premium | https://voltra.com.ar/products/palm-masajeador | https://voltra.com.ar/products/punchpro%E2%84%A2-bolsa-de-boxeo-antiestres | https://voltra.com.ar/products/relaxit%E2%84%A2-masajeador-de-cuello-espalda-y-hombros-de-16-cabezales | https://voltra.com.ar/products/sellador-al-vacio-voltra | https://voltra.com.ar/products/sellador-al-vacio-voltra-portatil-recargable-para-bolsas-reutilizables-con-valvula-kit-bolsas | https://voltra.com.ar/products/smashit-saco-de-boxeo | https://voltra.com.ar/products/soporte-auto-carga-magnetica | https://voltra.com.ar/products/soporte-de-notebook-voltra%C2%AE-ajustable-ergonomico-y-plegable | https://voltra.com.ar/products/suite-grafito%E2%84%A2-set-de-bano-3-piezas-aterciopelado-antideslizante-ducha-contorno-tapa | https://voltra.com.ar/products/tabla-de-flexiones-push-up-board-plegable-voltra%C2%AE | https://voltra.com.ar/products/voltra-bag-bolsa-manta-plegable-2-en-1 | https://voltra.com.ar/products/voltra-brazelet | https://voltra.com.ar/products/voltra-go-cart-carro-retractil-plegable-multiuso | https://voltra.com.ar/products/voltra-pin-graba-cada-instante | https://voltra.com.ar/products/voltrabox-saco-de-boxeo | https://voltra.com.ar/products/x10-filtro-hepa-hl-138 | https://voltra.com.ar/sitemap_pages_1.xml?from=109646282812&to=118802284604
https://voltra.com.ar/pages/politica-de-cambios-y-devoluciones,200,https://voltra.com.ar/pages/politica-de-cambios-y-devoluciones,Visa,1,True,288420,0.564304,https://voltra.com.ar/ | https://voltra.com.ar/blogs/noticias | https://voltra.com.ar/collections/accesorios-mochila | https://voltra.com.ar/collections/afeitadoras-sumergibles | https://voltra.com.ar/collections/afeitadoras-voltra | https://voltra.com.ar/collections/all | https://voltra.com.ar/collections/all?page=1 | https://voltra.com.ar/collections/all?page=2 | https://voltra.com.ar/collections/aspiradoras-de-mano | https://voltra.com.ar/collections/cafeteria | https://voltra.com.ar/collections/cocina-inteligente | https://voltra.com.ar/collections/filtros-aspiradoras | https://voltra.com.ar/collections/mas-vendidos | https://voltra.com.ar/collections/mas-vendidos?page=1 | https://voltra.com.ar/collections/mas-vendidos?page=2 | https://voltra.com.ar/collections/mochilas-voltra%C2%AE | https://voltra.com.ar/collections/most-sold | https://voltra.com.ar/collections/nuevos-productos | https://voltra.com.ar/collections/ultimos-ingresos | https://voltra.com.ar/collections/wellness-bienestar | https://voltra.com.ar/pages/agradecimiento-voltra | https://voltra.com.ar/pages/colaboraciones-ugc | https://voltra.com.ar/pages/como-comprar | https://voltra.com.ar/pages/como-son-los-envios | https://voltra.com.ar/pages/contact | https://voltra.com.ar/pages/hot-voltra-2026-vip | https://voltra.com.ar/pages/invitacion-vip-hot-voltra | https://voltra.com.ar/pages/mayoristas | https://voltra.com.ar/pages/medios-de-pago | https://voltra.com.ar/pages/politica-de-cambios-y-devoluciones | https://voltra.com.ar/pages/quienes-somos | https://voltra.com.ar/pages/venta-mayorista | https://voltra.com.ar/pages/vip-link-magico-hot-voltra | https://voltra.com.ar/policies/privacy-policy | https://voltra.com.ar/policies/refund-policy | https://voltra.com.ar/policies/shipping-policy | https://voltra.com.ar/policies/terms-of-service | https://voltra.com.ar/products/adaptador-de-carga-usb-voltra | https://voltra.com.ar/products/afeitadora-anti-cortes-100-sumergible-voltra%C2%AE | https://voltra.com.ar/products/afeitadora-corporal-anti-cortes-voltra-ipx7 | https://voltra.com.ar/products/afeitadora-corporal-voltra-blade-pro-sumergible-sin-cortes-sin-lastimaduras | https://voltra.com.ar/products/aspiradora-inalambrica-voltra%C2%AE-3-en-1-black-edition | https://voltra.com.ar/products/aspiradora-inalambrica-voltra-3-en-1 | https://voltra.com.ar/products/aspiradora-para-mascotas-voltra-kit-grooming-perros-y-gatos | https://voltra.com.ar/products/aspiradora-voltra-swift | https://voltra.com.ar/products/auriculares-bluetooth-inalambricos-voltra-pro-run-1-sonido-de-alta-calidad | https://voltra.com.ar/products/bolsa-voltra | https://voltra.com.ar/products/bolsas-al-vacio-premium | https://voltra.com.ar/products/cafe-colombiano-de-especialidad-aura-250g-500g-1000g | https://voltra.com.ar/products/carro-voltra-plegable-reforzado-y-compacto | https://voltra.com.ar/products/filtro-hepa-hl-138 | https://voltra.com.ar/products/hidrolavadora-voltra-portatil-e-inalambrica-de-alta-presion-kit-completo | https://voltra.com.ar/products/kit-polea-de-gluteos-voltra%C2%AE-programa-21-dias-ebook-video | https://voltra.com.ar/products/limpiador-de-manchas-pro-absorbe-seca-y-limpia | https://voltra.com.ar/products/memoria-externa-usb-c-dual-2tb-para-iphone-ipad-usb-c-y-pc | https://voltra.com.ar/products/mini-shaver-voltra-afeitadora-facial-sumergible-ipx7-barba-y-cabello | https://voltra.com.ar/products/mochila-voltra%C2%AE-core-45l | https://voltra.com.ar/products/molinillo-de-cafe-electrico-portatil-recargable-usb-voltra | https://voltra.com.ar/products/molinillo-de-cafe-manual-portatil-voltra%C2%AE | https://voltra.com.ar/products/mosqueton-premium | https://voltra.com.ar/products/pack-x10-filtro-hepa-hl-121 | https://voltra.com.ar/products/pack-x5-velcros-3d-premium | https://voltra.com.ar/products/palm-masajeador | https://voltra.com.ar/products/punchpro%E2%84%A2-bolsa-de-boxeo-antiestres | https://voltra.com.ar/products/relaxit%E2%84%A2-masajeador-de-cuello-espalda-y-hombros-de-16-cabezales | https://voltra.com.ar/products/sellador-al-vacio-voltra | https://voltra.com.ar/products/sellador-al-vacio-voltra-portatil-recargable-para-bolsas-reutilizables-con-valvula-kit-bolsas | https://voltra.com.ar/products/smashit-saco-de-boxeo | https://voltra.com.ar/products/soporte-auto-carga-magnetica | https://voltra.com.ar/products/soporte-de-notebook-voltra%C2%AE-ajustable-ergonomico-y-plegable | https://voltra.com.ar/products/suite-grafito%E2%84%A2-set-de-bano-3-piezas-aterciopelado-antideslizante-ducha-contorno-tapa | https://voltra.com.ar/products/tabla-de-flexiones-push-up-board-plegable-voltra%C2%AE | https://voltra.com.ar/products/voltra-bag-bolsa-manta-plegable-2-en-1 | https://voltra.com.ar/products/voltra-brazelet | https://voltra.com.ar/products/voltra-go-cart-carro-retractil-plegable-multiuso | https://voltra.com.ar/products/voltra-pin-graba-cada-instante | https://voltra.com.ar/products/voltrabox-saco-de-boxeo | https://voltra.com.ar/products/x10-filtro-hepa-hl-138 | https://voltra.com.ar/sitemap_pages_1.xml?from=109646282812&to=118802284604
https://voltra.com.ar/pages/medios-de-pago,200,https://voltra.com.ar/pages/medios-de-pago,Visa,1,True,288051,0.595641,https://voltra.com.ar/ | https://voltra.com.ar/blogs/noticias | https://voltra.com.ar/collections/accesorios-mochila | https://voltra.com.ar/collections/afeitadoras-sumergibles | https://voltra.com.ar/collections/afeitadoras-voltra | https://voltra.com.ar/collections/all | https://voltra.com.ar/collections/all?page=1 | https://voltra.com.ar/collections/all?page=2 | https://voltra.com.ar/collections/aspiradoras-de-mano | https://voltra.com.ar/collections/cafeteria | https://voltra.com.ar/collections/cocina-inteligente | https://voltra.com.ar/collections/filtros-aspiradoras | https://voltra.com.ar/collections/mas-vendidos | https://voltra.com.ar/collections/mas-vendidos?page=1 | https://voltra.com.ar/collections/mas-vendidos?page=2 | https://voltra.com.ar/collections/mochilas-voltra%C2%AE | https://voltra.com.ar/collections/most-sold | https://voltra.com.ar/collections/nuevos-productos | https://voltra.com.ar/collections/ultimos-ingresos | https://voltra.com.ar/collections/wellness-bienestar | https://voltra.com.ar/pages/agradecimiento-voltra | https://voltra.com.ar/pages/colaboraciones-ugc | https://voltra.com.ar/pages/como-comprar | https://voltra.com.ar/pages/como-son-los-envios | https://voltra.com.ar/pages/contact | https://voltra.com.ar/pages/hot-voltra-2026-vip | https://voltra.com.ar/pages/invitacion-vip-hot-voltra | https://voltra.com.ar/pages/mayoristas | https://voltra.com.ar/pages/medios-de-pago | https://voltra.com.ar/pages/politica-de-cambios-y-devoluciones | https://voltra.com.ar/pages/quienes-somos | https://voltra.com.ar/pages/venta-mayorista | https://voltra.com.ar/pages/vip-link-magico-hot-voltra | https://voltra.com.ar/policies/privacy-policy | https://voltra.com.ar/policies/refund-policy | https://voltra.com.ar/policies/shipping-policy | https://voltra.com.ar/policies/terms-of-service | https://voltra.com.ar/products/adaptador-de-carga-usb-voltra | https://voltra.com.ar/products/afeitadora-anti-cortes-100-sumergible-voltra%C2%AE | https://voltra.com.ar/products/afeitadora-corporal-anti-cortes-voltra-ipx7 | https://voltra.com.ar/products/afeitadora-corporal-voltra-blade-pro-sumergible-sin-cortes-sin-lastimaduras | https://voltra.com.ar/products/aspiradora-inalambrica-voltra%C2%AE-3-en-1-black-edition | https://voltra.com.ar/products/aspiradora-inalambrica-voltra-3-en-1 | https://voltra.com.ar/products/aspiradora-para-mascotas-voltra-kit-grooming-perros-y-gatos | https://voltra.com.ar/products/aspiradora-voltra-swift | https://voltra.com.ar/products/auriculares-bluetooth-inalambricos-voltra-pro-run-1-sonido-de-alta-calidad | https://voltra.com.ar/products/bolsa-voltra | https://voltra.com.ar/products/bolsas-al-vacio-premium | https://voltra.com.ar/products/cafe-colombiano-de-especialidad-aura-250g-500g-1000g | https://voltra.com.ar/products/carro-voltra-plegable-reforzado-y-compacto | https://voltra.com.ar/products/filtro-hepa-hl-138 | https://voltra.com.ar/products/hidrolavadora-voltra-portatil-e-inalambrica-de-alta-presion-kit-completo | https://voltra.com.ar/products/kit-polea-de-gluteos-voltra%C2%AE-programa-21-dias-ebook-video | https://voltra.com.ar/products/limpiador-de-manchas-pro-absorbe-seca-y-limpia | https://voltra.com.ar/products/memoria-externa-usb-c-dual-2tb-para-iphone-ipad-usb-c-y-pc | https://voltra.com.ar/products/mini-shaver-voltra-afeitadora-facial-sumergible-ipx7-barba-y-cabello | https://voltra.com.ar/products/mochila-voltra%C2%AE-core-45l | https://voltra.com.ar/products/molinillo-de-cafe-electrico-portatil-recargable-usb-voltra | https://voltra.com.ar/products/molinillo-de-cafe-manual-portatil-voltra%C2%AE | https://voltra.com.ar/products/mosqueton-premium | https://voltra.com.ar/products/pack-x10-filtro-hepa-hl-121 | https://voltra.com.ar/products/pack-x5-velcros-3d-premium | https://voltra.com.ar/products/palm-masajeador | https://voltra.com.ar/products/punchpro%E2%84%A2-bolsa-de-boxeo-antiestres | https://voltra.com.ar/products/relaxit%E2%84%A2-masajeador-de-cuello-espalda-y-hombros-de-16-cabezales | https://voltra.com.ar/products/sellador-al-vacio-voltra | https://voltra.com.ar/products/sellador-al-vacio-voltra-portatil-recargable-para-bolsas-reutilizables-con-valvula-kit-bolsas | https://voltra.com.ar/products/smashit-saco-de-boxeo | https://voltra.com.ar/products/soporte-auto-carga-magnetica | https://voltra.com.ar/products/soporte-de-notebook-voltra%C2%AE-ajustable-ergonomico-y-plegable | https://voltra.com.ar/products/suite-grafito%E2%84%A2-set-de-bano-3-piezas-aterciopelado-antideslizante-ducha-contorno-tapa | https://voltra.com.ar/products/tabla-de-flexiones-push-up-board-plegable-voltra%C2%AE | https://voltra.com.ar/products/voltra-bag-bolsa-manta-plegable-2-en-1 | https://voltra.com.ar/products/voltra-brazelet | https://voltra.com.ar/products/voltra-go-cart-carro-retractil-plegable-multiuso | https://voltra.com.ar/products/voltra-pin-graba-cada-instante | https://voltra.com.ar/products/voltrabox-saco-de-boxeo | https://voltra.com.ar/products/x10-filtro-hepa-hl-138 | https://voltra.com.ar/sitemap_pages_1.xml?from=109646282812&to=118802284604
https://voltra.com.ar/pages/como-son-los-envios,200,https://voltra.com.ar/pages/como-son-los-envios,Visa,2,True,291823,0.553130,https://voltra.com.ar/ | https://voltra.com.ar/blogs/noticias | https://voltra.com.ar/collections/accesorios-mochila | https://voltra.com.ar/collections/afeitadoras-sumergibles | https://voltra.com.ar/collections/afeitadoras-voltra | https://voltra.com.ar/collections/all | https://voltra.com.ar/collections/all?page=1 | https://voltra.com.ar/collections/all?page=2 | https://voltra.com.ar/collections/aspiradoras-de-mano | https://voltra.com.ar/collections/cafeteria | https://voltra.com.ar/collections/cocina-inteligente | https://voltra.com.ar/collections/filtros-aspiradoras | https://voltra.com.ar/collections/mas-vendidos | https://voltra.com.ar/collections/mas-vendidos?page=1 | https://voltra.com.ar/collections/mas-vendidos?page=2 | https://voltra.com.ar/collections/mochilas-voltra%C2%AE | https://voltra.com.ar/collections/most-sold | https://voltra.com.ar/collections/nuevos-productos | https://voltra.com.ar/collections/ultimos-ingresos | https://voltra.com.ar/collections/wellness-bienestar | https://voltra.com.ar/pages/agradecimiento-voltra | https://voltra.com.ar/pages/colaboraciones-ugc | https://voltra.com.ar/pages/como-comprar | https://voltra.com.ar/pages/como-son-los-envios | https://voltra.com.ar/pages/contact | https://voltra.com.ar/pages/hot-voltra-2026-vip | https://voltra.com.ar/pages/invitacion-vip-hot-voltra | https://voltra.com.ar/pages/mayoristas | https://voltra.com.ar/pages/medios-de-pago | https://voltra.com.ar/pages/politica-de-cambios-y-devoluciones | https://voltra.com.ar/pages/quienes-somos | https://voltra.com.ar/pages/venta-mayorista | https://voltra.com.ar/pages/vip-link-magico-hot-voltra | https://voltra.com.ar/policies/privacy-policy | https://voltra.com.ar/policies/refund-policy | https://voltra.com.ar/policies/shipping-policy | https://voltra.com.ar/policies/terms-of-service | https://voltra.com.ar/products/adaptador-de-carga-usb-voltra | https://voltra.com.ar/products/afeitadora-anti-cortes-100-sumergible-voltra%C2%AE | https://voltra.com.ar/products/afeitadora-corporal-anti-cortes-voltra-ipx7 | https://voltra.com.ar/products/afeitadora-corporal-voltra-blade-pro-sumergible-sin-cortes-sin-lastimaduras | https://voltra.com.ar/products/aspiradora-inalambrica-voltra%C2%AE-3-en-1-black-edition | https://voltra.com.ar/products/aspiradora-inalambrica-voltra-3-en-1 | https://voltra.com.ar/products/aspiradora-para-mascotas-voltra-kit-grooming-perros-y-gatos | https://voltra.com.ar/products/aspiradora-voltra-swift | https://voltra.com.ar/products/auriculares-bluetooth-inalambricos-voltra-pro-run-1-sonido-de-alta-calidad | https://voltra.com.ar/products/bolsa-voltra | https://voltra.com.ar/products/bolsas-al-vacio-premium | https://voltra.com.ar/products/cafe-colombiano-de-especialidad-aura-250g-500g-1000g | https://voltra.com.ar/products/carro-voltra-plegable-reforzado-y-compacto | https://voltra.com.ar/products/filtro-hepa-hl-138 | https://voltra.com.ar/products/hidrolavadora-voltra-portatil-e-inalambrica-de-alta-presion-kit-completo | https://voltra.com.ar/products/kit-polea-de-gluteos-voltra%C2%AE-programa-21-dias-ebook-video | https://voltra.com.ar/products/limpiador-de-manchas-pro-absorbe-seca-y-limpia | https://voltra.com.ar/products/memoria-externa-usb-c-dual-2tb-para-iphone-ipad-usb-c-y-pc | https://voltra.com.ar/products/mini-shaver-voltra-afeitadora-facial-sumergible-ipx7-barba-y-cabello | https://voltra.com.ar/products/mochila-voltra%C2%AE-core-45l | https://voltra.com.ar/products/molinillo-de-cafe-electrico-portatil-recargable-usb-voltra | https://voltra.com.ar/products/molinillo-de-cafe-manual-portatil-voltra%C2%AE | https://voltra.com.ar/products/mosqueton-premium | https://voltra.com.ar/products/pack-x10-filtro-hepa-hl-121 | https://voltra.com.ar/products/pack-x5-velcros-3d-premium | https://voltra.com.ar/products/palm-masajeador | https://voltra.com.ar/products/punchpro%E2%84%A2-bolsa-de-boxeo-antiestres | https://voltra.com.ar/products/relaxit%E2%84%A2-masajeador-de-cuello-espalda-y-hombros-de-16-cabezales | https://voltra.com.ar/products/sellador-al-vacio-voltra | https://voltra.com.ar/products/sellador-al-vacio-voltra-portatil-recargable-para-bolsas-reutilizables-con-valvula-kit-bolsas | https://voltra.com.ar/products/smashit-saco-de-boxeo | https://voltra.com.ar/products/soporte-auto-carga-magnetica | https://voltra.com.ar/products/soporte-de-notebook-voltra%C2%AE-ajustable-ergonomico-y-plegable | https://voltra.com.ar/products/suite-grafito%E2%84%A2-set-de-bano-3-piezas-aterciopelado-antideslizante-ducha-contorno-tapa | https://voltra.com.ar/products/tabla-de-flexiones-push-up-board-plegable-voltra%C2%AE | https://voltra.com.ar/products/voltra-bag-bolsa-manta-plegable-2-en-1 | https://voltra.com.ar/products/voltra-brazelet | https://voltra.com.ar/products/voltra-go-cart-carro-retractil-plegable-multiuso | https://voltra.com.ar/products/voltra-pin-graba-cada-instante | https://voltra.com.ar/products/voltrabox-saco-de-boxeo | https://voltra.com.ar/products/x10-filtro-hepa-hl-138 | https://voltra.com.ar/sitemap_pages_1.xml?from=109646282812&to=118802284604
https://voltra.com.ar/pages/como-comprar,200,https://voltra.com.ar/pages/como-comprar,Visa,2,True,289461,0.536557,https://voltra.com.ar/ | https://voltra.com.ar/blogs/noticias | https://voltra.com.ar/collections/accesorios-mochila | https://voltra.com.ar/collections/afeitadoras-sumergibles | https://voltra.com.ar/collections/afeitadoras-voltra | https://voltra.com.ar/collections/all | https://voltra.com.ar/collections/all?page=1 | https://voltra.com.ar/collections/all?page=2 | https://voltra.com.ar/collections/aspiradoras-de-mano | https://voltra.com.ar/collections/cafeteria | https://voltra.com.ar/collections/cocina-inteligente | https://voltra.com.ar/collections/filtros-aspiradoras | https://voltra.com.ar/collections/mas-vendidos | https://voltra.com.ar/collections/mas-vendidos?page=1 | https://voltra.com.ar/collections/mas-vendidos?page=2 | https://voltra.com.ar/collections/mochilas-voltra%C2%AE | https://voltra.com.ar/collections/most-sold | https://voltra.com.ar/collections/nuevos-productos | https://voltra.com.ar/collections/ultimos-ingresos | https://voltra.com.ar/collections/wellness-bienestar | https://voltra.com.ar/pages/agradecimiento-voltra | https://voltra.com.ar/pages/colaboraciones-ugc | https://voltra.com.ar/pages/como-comprar | https://voltra.com.ar/pages/como-son-los-envios | https://voltra.com.ar/pages/contact | https://voltra.com.ar/pages/hot-voltra-2026-vip | https://voltra.com.ar/pages/invitacion-vip-hot-voltra | https://voltra.com.ar/pages/mayoristas | https://voltra.com.ar/pages/medios-de-pago | https://voltra.com.ar/pages/politica-de-cambios-y-devoluciones | https://voltra.com.ar/pages/quienes-somos | https://voltra.com.ar/pages/venta-mayorista | https://voltra.com.ar/pages/vip-link-magico-hot-voltra | https://voltra.com.ar/policies/privacy-policy | https://voltra.com.ar/policies/refund-policy | https://voltra.com.ar/policies/shipping-policy | https://voltra.com.ar/policies/terms-of-service | https://voltra.com.ar/products/adaptador-de-carga-usb-voltra | https://voltra.com.ar/products/afeitadora-anti-cortes-100-sumergible-voltra%C2%AE | https://voltra.com.ar/products/afeitadora-corporal-anti-cortes-voltra-ipx7 | https://voltra.com.ar/products/afeitadora-corporal-voltra-blade-pro-sumergible-sin-cortes-sin-lastimaduras | https://voltra.com.ar/products/aspiradora-inalambrica-voltra%C2%AE-3-en-1-black-edition | https://voltra.com.ar/products/aspiradora-inalambrica-voltra-3-en-1 | https://voltra.com.ar/products/aspiradora-para-mascotas-voltra-kit-grooming-perros-y-gatos | https://voltra.com.ar/products/aspiradora-voltra-swift | https://voltra.com.ar/products/auriculares-bluetooth-inalambricos-voltra-pro-run-1-sonido-de-alta-calidad | https://voltra.com.ar/products/bolsa-voltra | https://voltra.com.ar/products/bolsas-al-vacio-premium | https://voltra.com.ar/products/cafe-colombiano-de-especialidad-aura-250g-500g-1000g | https://voltra.com.ar/products/carro-voltra-plegable-reforzado-y-compacto | https://voltra.com.ar/products/filtro-hepa-hl-138 | https://voltra.com.ar/products/hidrolavadora-voltra-portatil-e-inalambrica-de-alta-presion-kit-completo | https://voltra.com.ar/products/kit-polea-de-gluteos-voltra%C2%AE-programa-21-dias-ebook-video | https://voltra.com.ar/products/limpiador-de-manchas-pro-absorbe-seca-y-limpia | https://voltra.com.ar/products/memoria-externa-usb-c-dual-2tb-para-iphone-ipad-usb-c-y-pc | https://voltra.com.ar/products/mini-shaver-voltra-afeitadora-facial-sumergible-ipx7-barba-y-cabello | https://voltra.com.ar/products/mochila-voltra%C2%AE-core-45l | https://voltra.com.ar/products/molinillo-de-cafe-electrico-portatil-recargable-usb-voltra | https://voltra.com.ar/products/molinillo-de-cafe-manual-portatil-voltra%C2%AE | https://voltra.com.ar/products/mosqueton-premium | https://voltra.com.ar/products/pack-x10-filtro-hepa-hl-121 | https://voltra.com.ar/products/pack-x5-velcros-3d-premium | https://voltra.com.ar/products/palm-masajeador | https://voltra.com.ar/products/punchpro%E2%84%A2-bolsa-de-boxeo-antiestres | https://voltra.com.ar/products/relaxit%E2%84%A2-masajeador-de-cuello-espalda-y-hombros-de-16-cabezales | https://voltra.com.ar/products/sellador-al-vacio-voltra | https://voltra.com.ar/products/sellador-al-vacio-voltra-portatil-recargable-para-bolsas-reutilizables-con-valvula-kit-bolsas | https://voltra.com.ar/products/smashit-saco-de-boxeo | https://voltra.com.ar/products/soporte-auto-carga-magnetica | https://voltra.com.ar/products/soporte-de-notebook-voltra%C2%AE-ajustable-ergonomico-y-plegable | https://voltra.com.ar/products/suite-grafito%E2%84%A2-set-de-bano-3-piezas-aterciopelado-antideslizante-ducha-contorno-tapa | https://voltra.com.ar/products/tabla-de-flexiones-push-up-board-plegable-voltra%C2%AE | https://voltra.com.ar/products/voltra-bag-bolsa-manta-plegable-2-en-1 | https://voltra.com.ar/products/voltra-brazelet | https://voltra.com.ar/products/voltra-go-cart-carro-retractil-plegable-multiuso | https://voltra.com.ar/products/voltra-pin-graba-cada-instante | https://voltra.com.ar/products/voltrabox-saco-de-boxeo | https://voltra.com.ar/products/x10-filtro-hepa-hl-138 | https://voltra.com.ar/sitemap_pages_1.xml?from=109646282812&to=118802284604
https://voltra.com.ar/pages/quienes-somos,200,https://voltra.com.ar/pages/quienes-somos,Visa,2,True,288443,0.542507,https://voltra.com.ar/ | https://voltra.com.ar/blogs/noticias | https://voltra.com.ar/collections/accesorios-mochila | https://voltra.com.ar/collections/afeitadoras-sumergibles | https://voltra.com.ar/collections/afeitadoras-voltra | https://voltra.com.ar/collections/all | https://voltra.com.ar/collections/all?page=1 | https://voltra.com.ar/collections/all?page=2 | https://voltra.com.ar/collections/aspiradoras-de-mano | https://voltra.com.ar/collections/cafeteria | https://voltra.com.ar/collections/cocina-inteligente | https://voltra.com.ar/collections/filtros-aspiradoras | https://voltra.com.ar/collections/mas-vendidos | https://voltra.com.ar/collections/mas-vendidos?page=1 | https://voltra.com.ar/collections/mas-vendidos?page=2 | https://voltra.com.ar/collections/mochilas-voltra%C2%AE | https://voltra.com.ar/collections/most-sold | https://voltra.com.ar/collections/nuevos-productos | https://voltra.com.ar/collections/ultimos-ingresos | https://voltra.com.ar/collections/wellness-bienestar | https://voltra.com.ar/pages/agradecimiento-voltra | https://voltra.com.ar/pages/colaboraciones-ugc | https://voltra.com.ar/pages/como-comprar | https://voltra.com.ar/pages/como-son-los-envios | https://voltra.com.ar/pages/contact | https://voltra.com.ar/pages/hot-voltra-2026-vip | https://voltra.com.ar/pages/invitacion-vip-hot-voltra | https://voltra.com.ar/pages/mayoristas | https://voltra.com.ar/pages/medios-de-pago | https://voltra.com.ar/pages/politica-de-cambios-y-devoluciones | https://voltra.com.ar/pages/quienes-somos | https://voltra.com.ar/pages/venta-mayorista | https://voltra.com.ar/pages/vip-link-magico-hot-voltra | https://voltra.com.ar/policies/privacy-policy | https://voltra.com.ar/policies/refund-policy | https://voltra.com.ar/policies/shipping-policy | https://voltra.com.ar/policies/terms-of-service | https://voltra.com.ar/products/adaptador-de-carga-usb-voltra | https://voltra.com.ar/products/afeitadora-anti-cortes-100-sumergible-voltra%C2%AE | https://voltra.com.ar/products/afeitadora-corporal-anti-cortes-voltra-ipx7 | https://voltra.com.ar/products/afeitadora-corporal-voltra-blade-pro-sumergible-sin-cortes-sin-lastimaduras | https://voltra.com.ar/products/aspiradora-inalambrica-voltra%C2%AE-3-en-1-black-edition | https://voltra.com.ar/products/aspiradora-inalambrica-voltra-3-en-1 | https://voltra.com.ar/products/aspiradora-para-mascotas-voltra-kit-grooming-perros-y-gatos | https://voltra.com.ar/products/aspiradora-voltra-swift | https://voltra.com.ar/products/auriculares-bluetooth-inalambricos-voltra-pro-run-1-sonido-de-alta-calidad | https://voltra.com.ar/products/bolsa-voltra | https://voltra.com.ar/products/bolsas-al-vacio-premium | https://voltra.com.ar/products/cafe-colombiano-de-especialidad-aura-250g-500g-1000g | https://voltra.com.ar/products/carro-voltra-plegable-reforzado-y-compacto | https://voltra.com.ar/products/filtro-hepa-hl-138 | https://voltra.com.ar/products/hidrolavadora-voltra-portatil-e-inalambrica-de-alta-presion-kit-completo | https://voltra.com.ar/products/kit-polea-de-gluteos-voltra%C2%AE-programa-21-dias-ebook-video | https://voltra.com.ar/products/limpiador-de-manchas-pro-absorbe-seca-y-limpia | https://voltra.com.ar/products/memoria-externa-usb-c-dual-2tb-para-iphone-ipad-usb-c-y-pc | https://voltra.com.ar/products/mini-shaver-voltra-afeitadora-facial-sumergible-ipx7-barba-y-cabello | https://voltra.com.ar/products/mochila-voltra%C2%AE-core-45l | https://voltra.com.ar/products/molinillo-de-cafe-electrico-portatil-recargable-usb-voltra | https://voltra.com.ar/products/molinillo-de-cafe-manual-portatil-voltra%C2%AE | https://voltra.com.ar/products/mosqueton-premium | https://voltra.com.ar/products/pack-x10-filtro-hepa-hl-121 | https://voltra.com.ar/products/pack-x5-velcros-3d-premium | https://voltra.com.ar/products/palm-masajeador | https://voltra.com.ar/products/punchpro%E2%84%A2-bolsa-de-boxeo-antiestres | https://voltra.com.ar/products/relaxit%E2%84%A2-masajeador-de-cuello-espalda-y-hombros-de-16-cabezales | https://voltra.com.ar/products/sellador-al-vacio-voltra | https://voltra.com.ar/products/sellador-al-vacio-voltra-portatil-recargable-para-bolsas-reutilizables-con-valvula-kit-bolsas | https://voltra.com.ar/products/smashit-saco-de-boxeo | https://voltra.com.ar/products/soporte-auto-carga-magnetica | https://voltra.com.ar/products/soporte-de-notebook-voltra%C2%AE-ajustable-ergonomico-y-plegable | https://voltra.com.ar/products/suite-grafito%E2%84%A2-set-de-bano-3-piezas-aterciopelado-antideslizante-ducha-contorno-tapa | https://voltra.com.ar/products/tabla-de-flexiones-push-up-board-plegable-voltra%C2%AE | https://voltra.com.ar/products/voltra-bag-bolsa-manta-plegable-2-en-1 | https://voltra.com.ar/products/voltra-brazelet | https://voltra.com.ar/products/voltra-go-cart-carro-retractil-plegable-multiuso | https://voltra.com.ar/products/voltra-pin-graba-cada-instante | https://voltra.com.ar/products/voltrabox-saco-de-boxeo | https://voltra.com.ar/products/x10-filtro-hepa-hl-138 | https://voltra.com.ar/sitemap_pages_1.xml?from=109646282812&to=118802284604
https://voltra.com.ar/pages/colaboraciones-ugc,200,https://voltra.com.ar/pages/colaboraciones-ugc,Visa,2,True,287443,0.550291,https://voltra.com.ar/ | https://voltra.com.ar/blogs/noticias | https://voltra.com.ar/collections/accesorios-mochila | https://voltra.com.ar/collections/afeitadoras-sumergibles | https://voltra.com.ar/collections/afeitadoras-voltra | https://voltra.com.ar/collections/all | https://voltra.com.ar/collections/all?page=1 | https://voltra.com.ar/collections/all?page=2 | https://voltra.com.ar/collections/aspiradoras-de-mano | https://voltra.com.ar/collections/cafeteria | https://voltra.com.ar/collections/cocina-inteligente | https://voltra.com.ar/collections/filtros-aspiradoras | https://voltra.com.ar/collections/mas-vendidos | https://voltra.com.ar/collections/mas-vendidos?page=1 | https://voltra.com.ar/collections/mas-vendidos?page=2 | https://voltra.com.ar/collections/mochilas-voltra%C2%AE | https://voltra.com.ar/collections/most-sold | https://voltra.com.ar/collections/nuevos-productos | https://voltra.com.ar/collections/ultimos-ingresos | https://voltra.com.ar/collections/wellness-bienestar | https://voltra.com.ar/pages/agradecimiento-voltra | https://voltra.com.ar/pages/colaboraciones-ugc | https://voltra.com.ar/pages/como-comprar | https://voltra.com.ar/pages/como-son-los-envios | https://voltra.com.ar/pages/contact | https://voltra.com.ar/pages/hot-voltra-2026-vip | https://voltra.com.ar/pages/invitacion-vip-hot-voltra | https://voltra.com.ar/pages/mayoristas | https://voltra.com.ar/pages/medios-de-pago | https://voltra.com.ar/pages/politica-de-cambios-y-devoluciones | https://voltra.com.ar/pages/quienes-somos | https://voltra.com.ar/pages/venta-mayorista | https://voltra.com.ar/pages/vip-link-magico-hot-voltra | https://voltra.com.ar/policies/privacy-policy | https://voltra.com.ar/policies/refund-policy | https://voltra.com.ar/policies/shipping-policy | https://voltra.com.ar/policies/terms-of-service | https://voltra.com.ar/products/adaptador-de-carga-usb-voltra | https://voltra.com.ar/products/afeitadora-anti-cortes-100-sumergible-voltra%C2%AE | https://voltra.com.ar/products/afeitadora-corporal-anti-cortes-voltra-ipx7 | https://voltra.com.ar/products/afeitadora-corporal-voltra-blade-pro-sumergible-sin-cortes-sin-lastimaduras | https://voltra.com.ar/products/aspiradora-inalambrica-voltra%C2%AE-3-en-1-black-edition | https://voltra.com.ar/products/aspiradora-inalambrica-voltra-3-en-1 | https://voltra.com.ar/products/aspiradora-para-mascotas-voltra-kit-grooming-perros-y-gatos | https://voltra.com.ar/products/aspiradora-voltra-swift | https://voltra.com.ar/products/auriculares-bluetooth-inalambricos-voltra-pro-run-1-sonido-de-alta-calidad | https://voltra.com.ar/products/bolsa-voltra | https://voltra.com.ar/products/bolsas-al-vacio-premium | https://voltra.com.ar/products/cafe-colombiano-de-especialidad-aura-250g-500g-1000g | https://voltra.com.ar/products/carro-voltra-plegable-reforzado-y-compacto | https://voltra.com.ar/products/filtro-hepa-hl-138 | https://voltra.com.ar/products/hidrolavadora-voltra-portatil-e-inalambrica-de-alta-presion-kit-completo | https://voltra.com.ar/products/kit-polea-de-gluteos-voltra%C2%AE-programa-21-dias-ebook-video | https://voltra.com.ar/products/limpiador-de-manchas-pro-absorbe-seca-y-limpia | https://voltra.com.ar/products/memoria-externa-usb-c-dual-2tb-para-iphone-ipad-usb-c-y-pc | https://voltra.com.ar/products/mini-shaver-voltra-afeitadora-facial-sumergible-ipx7-barba-y-cabello | https://voltra.com.ar/products/mochila-voltra%C2%AE-core-45l | https://voltra.com.ar/products/molinillo-de-cafe-electrico-portatil-recargable-usb-voltra | https://voltra.com.ar/products/molinillo-de-cafe-manual-portatil-voltra%C2%AE | https://voltra.com.ar/products/mosqueton-premium | https://voltra.com.ar/products/pack-x10-filtro-hepa-hl-121 | https://voltra.com.ar/products/pack-x5-velcros-3d-premium | https://voltra.com.ar/products/palm-masajeador | https://voltra.com.ar/products/punchpro%E2%84%A2-bolsa-de-boxeo-antiestres | https://voltra.com.ar/products/relaxit%E2%84%A2-masajeador-de-cuello-espalda-y-hombros-de-16-cabezales | https://voltra.com.ar/products/sellador-al-vacio-voltra | https://voltra.com.ar/products/sellador-al-vacio-voltra-portatil-recargable-para-bolsas-reutilizables-con-valvula-kit-bolsas | https://voltra.com.ar/products/smashit-saco-de-boxeo | https://voltra.com.ar/products/soporte-auto-carga-magnetica | https://voltra.com.ar/products/soporte-de-notebook-voltra%C2%AE-ajustable-ergonomico-y-plegable | https://voltra.com.ar/products/suite-grafito%E2%84%A2-set-de-bano-3-piezas-aterciopelado-antideslizante-ducha-contorno-tapa | https://voltra.com.ar/products/tabla-de-flexiones-push-up-board-plegable-voltra%C2%AE | https://voltra.com.ar/products/voltra-bag-bolsa-manta-plegable-2-en-1 | https://voltra.com.ar/products/voltra-brazelet | https://voltra.com.ar/products/voltra-go-cart-carro-retractil-plegable-multiuso | https://voltra.com.ar/products/voltra-pin-graba-cada-instante | https://voltra.com.ar/products/voltrabox-saco-de-boxeo | https://voltra.com.ar/products/x10-filtro-hepa-hl-138 | https://voltra.com.ar/sitemap_pages_1.xml?from=109646282812&to=118802284604
https://voltra.com.ar/pages/vip-link-magico-hot-voltra,200,https://voltra.com.ar/pages/vip-link-magico-hot-voltra,Visa,2,True,284453,0.599371,https://voltra.com.ar/pages/vip-link-magico-hot-voltra | https://voltra.com.ar/sitemap_pages_1.xml?from=109646282812&to=118802284604
https://voltra.com.ar/pages/invitacion-vip-hot-voltra,200,https://voltra.com.ar/pages/invitacion-vip-hot-voltra,Visa,1,True,285288,0.635632,https://voltra.com.ar/pages/invitacion-vip-hot-voltra | https://voltra.com.ar/sitemap_pages_1.xml?from=109646282812&to=118802284604
https://voltra.com.ar/pages/hot-voltra-2026-vip,200,https://voltra.com.ar/pages/hot-voltra-2026-vip,Visa,1,False,283165,0.599937,https://voltra.com.ar/pages/hot-voltra-2026-vip | https://voltra.com.ar/sitemap_pages_1.xml?from=109646282812&to=118802284604
https://voltra.com.ar/pages/agradecimiento-voltra,200,https://voltra.com.ar/pages/agradecimiento-voltra,Visa,2,True,283170,0.563386,https://voltra.com.ar/pages/agradecimiento-voltra | https://voltra.com.ar/sitemap_pages_1.xml?from=109646282812&to=118802284604
https://voltra.com.ar/pages/mayoristas,200,https://voltra.com.ar/pages/mayoristas,Visa,2,True,343438,0.585602,https://voltra.com.ar/ | https://voltra.com.ar/blogs/noticias | https://voltra.com.ar/collections/accesorios-mochila | https://voltra.com.ar/collections/afeitadoras-sumergibles | https://voltra.com.ar/collections/afeitadoras-voltra | https://voltra.com.ar/collections/all | https://voltra.com.ar/collections/all?page=1 | https://voltra.com.ar/collections/all?page=2 | https://voltra.com.ar/collections/aspiradoras-de-mano | https://voltra.com.ar/collections/cafeteria | https://voltra.com.ar/collections/cocina-inteligente | https://voltra.com.ar/collections/filtros-aspiradoras | https://voltra.com.ar/collections/mas-vendidos | https://voltra.com.ar/collections/mas-vendidos?page=1 | https://voltra.com.ar/collections/mas-vendidos?page=2 | https://voltra.com.ar/collections/mochilas-voltra%C2%AE | https://voltra.com.ar/collections/most-sold | https://voltra.com.ar/collections/nuevos-productos | https://voltra.com.ar/collections/ultimos-ingresos | https://voltra.com.ar/collections/wellness-bienestar | https://voltra.com.ar/pages/agradecimiento-voltra | https://voltra.com.ar/pages/colaboraciones-ugc | https://voltra.com.ar/pages/como-comprar | https://voltra.com.ar/pages/como-son-los-envios | https://voltra.com.ar/pages/contact | https://voltra.com.ar/pages/hot-voltra-2026-vip | https://voltra.com.ar/pages/invitacion-vip-hot-voltra | https://voltra.com.ar/pages/mayoristas | https://voltra.com.ar/pages/medios-de-pago | https://voltra.com.ar/pages/politica-de-cambios-y-devoluciones | https://voltra.com.ar/pages/quienes-somos | https://voltra.com.ar/pages/venta-mayorista | https://voltra.com.ar/pages/vip-link-magico-hot-voltra | https://voltra.com.ar/policies/privacy-policy | https://voltra.com.ar/policies/refund-policy | https://voltra.com.ar/policies/shipping-policy | https://voltra.com.ar/policies/terms-of-service | https://voltra.com.ar/products/adaptador-de-carga-usb-voltra | https://voltra.com.ar/products/afeitadora-anti-cortes-100-sumergible-voltra%C2%AE | https://voltra.com.ar/products/afeitadora-corporal-anti-cortes-voltra-ipx7 | https://voltra.com.ar/products/afeitadora-corporal-voltra-blade-pro-sumergible-sin-cortes-sin-lastimaduras | https://voltra.com.ar/products/aspiradora-inalambrica-voltra%C2%AE-3-en-1-black-edition | https://voltra.com.ar/products/aspiradora-inalambrica-voltra-3-en-1 | https://voltra.com.ar/products/aspiradora-para-mascotas-voltra-kit-grooming-perros-y-gatos | https://voltra.com.ar/products/aspiradora-voltra-swift | https://voltra.com.ar/products/auriculares-bluetooth-inalambricos-voltra-pro-run-1-sonido-de-alta-calidad | https://voltra.com.ar/products/bolsa-voltra | https://voltra.com.ar/products/bolsas-al-vacio-premium | https://voltra.com.ar/products/cafe-colombiano-de-especialidad-aura-250g-500g-1000g | https://voltra.com.ar/products/carro-voltra-plegable-reforzado-y-compacto | https://voltra.com.ar/products/filtro-hepa-hl-138 | https://voltra.com.ar/products/hidrolavadora-voltra-portatil-e-inalambrica-de-alta-presion-kit-completo | https://voltra.com.ar/products/kit-polea-de-gluteos-voltra%C2%AE-programa-21-dias-ebook-video | https://voltra.com.ar/products/limpiador-de-manchas-pro-absorbe-seca-y-limpia | https://voltra.com.ar/products/memoria-externa-usb-c-dual-2tb-para-iphone-ipad-usb-c-y-pc | https://voltra.com.ar/products/mini-shaver-voltra-afeitadora-facial-sumergible-ipx7-barba-y-cabello | https://voltra.com.ar/products/mochila-voltra%C2%AE-core-45l | https://voltra.com.ar/products/molinillo-de-cafe-electrico-portatil-recargable-usb-voltra | https://voltra.com.ar/products/molinillo-de-cafe-manual-portatil-voltra%C2%AE | https://voltra.com.ar/products/mosqueton-premium | https://voltra.com.ar/products/pack-x10-filtro-hepa-hl-121 | https://voltra.com.ar/products/pack-x5-velcros-3d-premium | https://voltra.com.ar/products/palm-masajeador | https://voltra.com.ar/products/punchpro%E2%84%A2-bolsa-de-boxeo-antiestres | https://voltra.com.ar/products/relaxit%E2%84%A2-masajeador-de-cuello-espalda-y-hombros-de-16-cabezales | https://voltra.com.ar/products/sellador-al-vacio-voltra | https://voltra.com.ar/products/sellador-al-vacio-voltra-portatil-recargable-para-bolsas-reutilizables-con-valvula-kit-bolsas | https://voltra.com.ar/products/smashit-saco-de-boxeo | https://voltra.com.ar/products/soporte-auto-carga-magnetica | https://voltra.com.ar/products/soporte-de-notebook-voltra%C2%AE-ajustable-ergonomico-y-plegable | https://voltra.com.ar/products/suite-grafito%E2%84%A2-set-de-bano-3-piezas-aterciopelado-antideslizante-ducha-contorno-tapa | https://voltra.com.ar/products/tabla-de-flexiones-push-up-board-plegable-voltra%C2%AE | https://voltra.com.ar/products/voltra-bag-bolsa-manta-plegable-2-en-1 | https://voltra.com.ar/products/voltra-brazelet | https://voltra.com.ar/products/voltra-go-cart-carro-retractil-plegable-multiuso | https://voltra.com.ar/products/voltra-pin-graba-cada-instante | https://voltra.com.ar/products/voltrabox-saco-de-boxeo | https://voltra.com.ar/products/x10-filtro-hepa-hl-138 | https://voltra.com.ar/sitemap_pages_1.xml?from=109646282812&to=118802284604
https://voltra.com.ar/collections/mas-vendidos,200,https://voltra.com.ar/collections/mas-vendidos,Visa,1,False,588518,0.681979,https://voltra.com.ar/ | https://voltra.com.ar/blogs/noticias | https://voltra.com.ar/collections/accesorios-mochila | https://voltra.com.ar/collections/afeitadoras-sumergibles | https://voltra.com.ar/collections/afeitadoras-voltra | https://voltra.com.ar/collections/all | https://voltra.com.ar/collections/all?page=1 | https://voltra.com.ar/collections/all?page=2 | https://voltra.com.ar/collections/aspiradoras-de-mano | https://voltra.com.ar/collections/cafeteria | https://voltra.com.ar/collections/cocina-inteligente | https://voltra.com.ar/collections/filtros-aspiradoras | https://voltra.com.ar/collections/mas-vendidos | https://voltra.com.ar/collections/mas-vendidos?page=1 | https://voltra.com.ar/collections/mas-vendidos?page=2 | https://voltra.com.ar/collections/mochilas-voltra%C2%AE | https://voltra.com.ar/collections/most-sold | https://voltra.com.ar/collections/nuevos-productos | https://voltra.com.ar/collections/ultimos-ingresos | https://voltra.com.ar/collections/wellness-bienestar | https://voltra.com.ar/pages/agradecimiento-voltra | https://voltra.com.ar/pages/colaboraciones-ugc | https://voltra.com.ar/pages/como-comprar | https://voltra.com.ar/pages/como-son-los-envios | https://voltra.com.ar/pages/contact | https://voltra.com.ar/pages/hot-voltra-2026-vip | https://voltra.com.ar/pages/invitacion-vip-hot-voltra | https://voltra.com.ar/pages/mayoristas | https://voltra.com.ar/pages/medios-de-pago | https://voltra.com.ar/pages/politica-de-cambios-y-devoluciones | https://voltra.com.ar/pages/quienes-somos | https://voltra.com.ar/pages/venta-mayorista | https://voltra.com.ar/pages/vip-link-magico-hot-voltra | https://voltra.com.ar/policies/privacy-policy | https://voltra.com.ar/policies/refund-policy | https://voltra.com.ar/policies/shipping-policy | https://voltra.com.ar/policies/terms-of-service | https://voltra.com.ar/products/adaptador-de-carga-usb-voltra | https://voltra.com.ar/products/afeitadora-anti-cortes-100-sumergible-voltra%C2%AE | https://voltra.com.ar/products/afeitadora-corporal-anti-cortes-voltra-ipx7 | https://voltra.com.ar/products/afeitadora-corporal-voltra-blade-pro-sumergible-sin-cortes-sin-lastimaduras | https://voltra.com.ar/products/aspiradora-inalambrica-voltra%C2%AE-3-en-1-black-edition | https://voltra.com.ar/products/aspiradora-inalambrica-voltra-3-en-1 | https://voltra.com.ar/products/aspiradora-para-mascotas-voltra-kit-grooming-perros-y-gatos | https://voltra.com.ar/products/aspiradora-voltra-swift | https://voltra.com.ar/products/auriculares-bluetooth-inalambricos-voltra-pro-run-1-sonido-de-alta-calidad | https://voltra.com.ar/products/bolsa-voltra | https://voltra.com.ar/products/bolsas-al-vacio-premium | https://voltra.com.ar/products/cafe-colombiano-de-especialidad-aura-250g-500g-1000g | https://voltra.com.ar/products/carro-voltra-plegable-reforzado-y-compacto | https://voltra.com.ar/products/filtro-hepa-hl-138 | https://voltra.com.ar/products/hidrolavadora-voltra-portatil-e-inalambrica-de-alta-presion-kit-completo | https://voltra.com.ar/products/kit-polea-de-gluteos-voltra%C2%AE-programa-21-dias-ebook-video | https://voltra.com.ar/products/limpiador-de-manchas-pro-absorbe-seca-y-limpia | https://voltra.com.ar/products/memoria-externa-usb-c-dual-2tb-para-iphone-ipad-usb-c-y-pc | https://voltra.com.ar/products/mini-shaver-voltra-afeitadora-facial-sumergible-ipx7-barba-y-cabello | https://voltra.com.ar/products/mochila-voltra%C2%AE-core-45l | https://voltra.com.ar/products/molinillo-de-cafe-electrico-portatil-recargable-usb-voltra | https://voltra.com.ar/products/molinillo-de-cafe-manual-portatil-voltra%C2%AE | https://voltra.com.ar/products/mosqueton-premium | https://voltra.com.ar/products/pack-x10-filtro-hepa-hl-121 | https://voltra.com.ar/products/pack-x5-velcros-3d-premium | https://voltra.com.ar/products/palm-masajeador | https://voltra.com.ar/products/punchpro%E2%84%A2-bolsa-de-boxeo-antiestres | https://voltra.com.ar/products/relaxit%E2%84%A2-masajeador-de-cuello-espalda-y-hombros-de-16-cabezales | https://voltra.com.ar/products/sellador-al-vacio-voltra | https://voltra.com.ar/products/sellador-al-vacio-voltra-portatil-recargable-para-bolsas-reutilizables-con-valvula-kit-bolsas | https://voltra.com.ar/products/smashit-saco-de-boxeo | https://voltra.com.ar/products/soporte-auto-carga-magnetica | https://voltra.com.ar/products/soporte-de-notebook-voltra%C2%AE-ajustable-ergonomico-y-plegable | https://voltra.com.ar/products/suite-grafito%E2%84%A2-set-de-bano-3-piezas-aterciopelado-antideslizante-ducha-contorno-tapa | https://voltra.com.ar/products/tabla-de-flexiones-push-up-board-plegable-voltra%C2%AE | https://voltra.com.ar/products/voltra-bag-bolsa-manta-plegable-2-en-1 | https://voltra.com.ar/products/voltra-brazelet | https://voltra.com.ar/products/voltra-go-cart-carro-retractil-plegable-multiuso | https://voltra.com.ar/products/voltra-pin-graba-cada-instante | https://voltra.com.ar/products/voltrabox-saco-de-boxeo | https://voltra.com.ar/products/x10-filtro-hepa-hl-138 | https://voltra.com.ar/sitemap_collections_1.xml?from=301014286396&to=308135624764
https://voltra.com.ar/collections/mochilas-voltra%C2%AE,200,https://voltra.com.ar/collections/mochilas-voltra%C2%AE,Visa,1,False,359107,0.560650,https://voltra.com.ar/collections/mochilas-voltra%C2%AE | https://voltra.com.ar/sitemap_collections_1.xml?from=301014286396&to=308135624764
https://voltra.com.ar/collections/accesorios-mochila,200,https://voltra.com.ar/collections/accesorios-mochila,Visa,1,False,346335,0.601583,https://voltra.com.ar/ | https://voltra.com.ar/blogs/noticias | https://voltra.com.ar/collections/accesorios-mochila | https://voltra.com.ar/collections/afeitadoras-sumergibles | https://voltra.com.ar/collections/afeitadoras-voltra | https://voltra.com.ar/collections/all | https://voltra.com.ar/collections/all?page=1 | https://voltra.com.ar/collections/all?page=2 | https://voltra.com.ar/collections/aspiradoras-de-mano | https://voltra.com.ar/collections/cafeteria | https://voltra.com.ar/collections/cocina-inteligente | https://voltra.com.ar/collections/filtros-aspiradoras | https://voltra.com.ar/collections/mas-vendidos | https://voltra.com.ar/collections/mas-vendidos?page=1 | https://voltra.com.ar/collections/mas-vendidos?page=2 | https://voltra.com.ar/collections/mochilas-voltra%C2%AE | https://voltra.com.ar/collections/most-sold | https://voltra.com.ar/collections/nuevos-productos | https://voltra.com.ar/collections/ultimos-ingresos | https://voltra.com.ar/collections/wellness-bienestar | https://voltra.com.ar/pages/agradecimiento-voltra | https://voltra.com.ar/pages/colaboraciones-ugc | https://voltra.com.ar/pages/como-comprar | https://voltra.com.ar/pages/como-son-los-envios | https://voltra.com.ar/pages/contact | https://voltra.com.ar/pages/hot-voltra-2026-vip | https://voltra.com.ar/pages/invitacion-vip-hot-voltra | https://voltra.com.ar/pages/mayoristas | https://voltra.com.ar/pages/medios-de-pago | https://voltra.com.ar/pages/politica-de-cambios-y-devoluciones | https://voltra.com.ar/pages/quienes-somos | https://voltra.com.ar/pages/venta-mayorista | https://voltra.com.ar/pages/vip-link-magico-hot-voltra | https://voltra.com.ar/policies/privacy-policy | https://voltra.com.ar/policies/refund-policy | https://voltra.com.ar/policies/shipping-policy | https://voltra.com.ar/policies/terms-of-service | https://voltra.com.ar/products/adaptador-de-carga-usb-voltra | https://voltra.com.ar/products/afeitadora-anti-cortes-100-sumergible-voltra%C2%AE | https://voltra.com.ar/products/afeitadora-corporal-anti-cortes-voltra-ipx7 | https://voltra.com.ar/products/afeitadora-corporal-voltra-blade-pro-sumergible-sin-cortes-sin-lastimaduras | https://voltra.com.ar/products/aspiradora-inalambrica-voltra%C2%AE-3-en-1-black-edition | https://voltra.com.ar/products/aspiradora-inalambrica-voltra-3-en-1 | https://voltra.com.ar/products/aspiradora-para-mascotas-voltra-kit-grooming-perros-y-gatos | https://voltra.com.ar/products/aspiradora-voltra-swift | https://voltra.com.ar/products/auriculares-bluetooth-inalambricos-voltra-pro-run-1-sonido-de-alta-calidad | https://voltra.com.ar/products/bolsa-voltra | https://voltra.com.ar/products/bolsas-al-vacio-premium | https://voltra.com.ar/products/cafe-colombiano-de-especialidad-aura-250g-500g-1000g | https://voltra.com.ar/products/carro-voltra-plegable-reforzado-y-compacto | https://voltra.com.ar/products/filtro-hepa-hl-138 | https://voltra.com.ar/products/hidrolavadora-voltra-portatil-e-inalambrica-de-alta-presion-kit-completo | https://voltra.com.ar/products/kit-polea-de-gluteos-voltra%C2%AE-programa-21-dias-ebook-video | https://voltra.com.ar/products/limpiador-de-manchas-pro-absorbe-seca-y-limpia | https://voltra.com.ar/products/memoria-externa-usb-c-dual-2tb-para-iphone-ipad-usb-c-y-pc | https://voltra.com.ar/products/mini-shaver-voltra-afeitadora-facial-sumergible-ipx7-barba-y-cabello | https://voltra.com.ar/products/mochila-voltra%C2%AE-core-45l | https://voltra.com.ar/products/molinillo-de-cafe-electrico-portatil-recargable-usb-voltra | https://voltra.com.ar/products/molinillo-de-cafe-manual-portatil-voltra%C2%AE | https://voltra.com.ar/products/mosqueton-premium | https://voltra.com.ar/products/pack-x10-filtro-hepa-hl-121 | https://voltra.com.ar/products/pack-x5-velcros-3d-premium | https://voltra.com.ar/products/palm-masajeador | https://voltra.com.ar/products/punchpro%E2%84%A2-bolsa-de-boxeo-antiestres | https://voltra.com.ar/products/relaxit%E2%84%A2-masajeador-de-cuello-espalda-y-hombros-de-16-cabezales | https://voltra.com.ar/products/sellador-al-vacio-voltra | https://voltra.com.ar/products/sellador-al-vacio-voltra-portatil-recargable-para-bolsas-reutilizables-con-valvula-kit-bolsas | https://voltra.com.ar/products/smashit-saco-de-boxeo | https://voltra.com.ar/products/soporte-auto-carga-magnetica | https://voltra.com.ar/products/soporte-de-notebook-voltra%C2%AE-ajustable-ergonomico-y-plegable | https://voltra.com.ar/products/suite-grafito%E2%84%A2-set-de-bano-3-piezas-aterciopelado-antideslizante-ducha-contorno-tapa | https://voltra.com.ar/products/tabla-de-flexiones-push-up-board-plegable-voltra%C2%AE | https://voltra.com.ar/products/voltra-bag-bolsa-manta-plegable-2-en-1 | https://voltra.com.ar/products/voltra-brazelet | https://voltra.com.ar/products/voltra-go-cart-carro-retractil-plegable-multiuso | https://voltra.com.ar/products/voltra-pin-graba-cada-instante | https://voltra.com.ar/products/voltrabox-saco-de-boxeo | https://voltra.com.ar/products/x10-filtro-hepa-hl-138 | https://voltra.com.ar/sitemap_collections_1.xml?from=301014286396&to=308135624764
https://voltra.com.ar/collections/filtros-aspiradoras,200,https://voltra.com.ar/collections/filtros-aspiradoras,Visa,1,False,345716,0.680505,https://voltra.com.ar/ | https://voltra.com.ar/blogs/noticias | https://voltra.com.ar/collections/accesorios-mochila | https://voltra.com.ar/collections/afeitadoras-sumergibles | https://voltra.com.ar/collections/afeitadoras-voltra | https://voltra.com.ar/collections/all | https://voltra.com.ar/collections/all?page=1 | https://voltra.com.ar/collections/all?page=2 | https://voltra.com.ar/collections/aspiradoras-de-mano | https://voltra.com.ar/collections/cafeteria | https://voltra.com.ar/collections/cocina-inteligente | https://voltra.com.ar/collections/filtros-aspiradoras | https://voltra.com.ar/collections/mas-vendidos | https://voltra.com.ar/collections/mas-vendidos?page=1 | https://voltra.com.ar/collections/mas-vendidos?page=2 | https://voltra.com.ar/collections/mochilas-voltra%C2%AE | https://voltra.com.ar/collections/most-sold | https://voltra.com.ar/collections/nuevos-productos | https://voltra.com.ar/collections/ultimos-ingresos | https://voltra.com.ar/collections/wellness-bienestar | https://voltra.com.ar/pages/agradecimiento-voltra | https://voltra.com.ar/pages/colaboraciones-ugc | https://voltra.com.ar/pages/como-comprar | https://voltra.com.ar/pages/como-son-los-envios | https://voltra.com.ar/pages/contact | https://voltra.com.ar/pages/hot-voltra-2026-vip | https://voltra.com.ar/pages/invitacion-vip-hot-voltra | https://voltra.com.ar/pages/mayoristas | https://voltra.com.ar/pages/medios-de-pago | https://voltra.com.ar/pages/politica-de-cambios-y-devoluciones | https://voltra.com.ar/pages/quienes-somos | https://voltra.com.ar/pages/venta-mayorista | https://voltra.com.ar/pages/vip-link-magico-hot-voltra | https://voltra.com.ar/policies/privacy-policy | https://voltra.com.ar/policies/refund-policy | https://voltra.com.ar/policies/shipping-policy | https://voltra.com.ar/policies/terms-of-service | https://voltra.com.ar/products/adaptador-de-carga-usb-voltra | https://voltra.com.ar/products/afeitadora-anti-cortes-100-sumergible-voltra%C2%AE | https://voltra.com.ar/products/afeitadora-corporal-anti-cortes-voltra-ipx7 | https://voltra.com.ar/products/afeitadora-corporal-voltra-blade-pro-sumergible-sin-cortes-sin-lastimaduras | https://voltra.com.ar/products/aspiradora-inalambrica-voltra%C2%AE-3-en-1-black-edition | https://voltra.com.ar/products/aspiradora-inalambrica-voltra-3-en-1 | https://voltra.com.ar/products/aspiradora-para-mascotas-voltra-kit-grooming-perros-y-gatos | https://voltra.com.ar/products/aspiradora-voltra-swift | https://voltra.com.ar/products/auriculares-bluetooth-inalambricos-voltra-pro-run-1-sonido-de-alta-calidad | https://voltra.com.ar/products/bolsa-voltra | https://voltra.com.ar/products/bolsas-al-vacio-premium | https://voltra.com.ar/products/cafe-colombiano-de-especialidad-aura-250g-500g-1000g | https://voltra.com.ar/products/carro-voltra-plegable-reforzado-y-compacto | https://voltra.com.ar/products/filtro-hepa-hl-138 | https://voltra.com.ar/products/hidrolavadora-voltra-portatil-e-inalambrica-de-alta-presion-kit-completo | https://voltra.com.ar/products/kit-polea-de-gluteos-voltra%C2%AE-programa-21-dias-ebook-video | https://voltra.com.ar/products/limpiador-de-manchas-pro-absorbe-seca-y-limpia | https://voltra.com.ar/products/memoria-externa-usb-c-dual-2tb-para-iphone-ipad-usb-c-y-pc | https://voltra.com.ar/products/mini-shaver-voltra-afeitadora-facial-sumergible-ipx7-barba-y-cabello | https://voltra.com.ar/products/mochila-voltra%C2%AE-core-45l | https://voltra.com.ar/products/molinillo-de-cafe-electrico-portatil-recargable-usb-voltra | https://voltra.com.ar/products/molinillo-de-cafe-manual-portatil-voltra%C2%AE | https://voltra.com.ar/products/mosqueton-premium | https://voltra.com.ar/products/pack-x10-filtro-hepa-hl-121 | https://voltra.com.ar/products/pack-x5-velcros-3d-premium | https://voltra.com.ar/products/palm-masajeador | https://voltra.com.ar/products/punchpro%E2%84%A2-bolsa-de-boxeo-antiestres | https://voltra.com.ar/products/relaxit%E2%84%A2-masajeador-de-cuello-espalda-y-hombros-de-16-cabezales | https://voltra.com.ar/products/sellador-al-vacio-voltra | https://voltra.com.ar/products/sellador-al-vacio-voltra-portatil-recargable-para-bolsas-reutilizables-con-valvula-kit-bolsas | https://voltra.com.ar/products/smashit-saco-de-boxeo | https://voltra.com.ar/products/soporte-auto-carga-magnetica | https://voltra.com.ar/products/soporte-de-notebook-voltra%C2%AE-ajustable-ergonomico-y-plegable | https://voltra.com.ar/products/suite-grafito%E2%84%A2-set-de-bano-3-piezas-aterciopelado-antideslizante-ducha-contorno-tapa | https://voltra.com.ar/products/tabla-de-flexiones-push-up-board-plegable-voltra%C2%AE | https://voltra.com.ar/products/voltra-bag-bolsa-manta-plegable-2-en-1 | https://voltra.com.ar/products/voltra-brazelet | https://voltra.com.ar/products/voltra-go-cart-carro-retractil-plegable-multiuso | https://voltra.com.ar/products/voltra-pin-graba-cada-instante | https://voltra.com.ar/products/voltrabox-saco-de-boxeo | https://voltra.com.ar/products/x10-filtro-hepa-hl-138 | https://voltra.com.ar/sitemap_collections_1.xml?from=301014286396&to=308135624764
https://voltra.com.ar/collections/all,200,https://voltra.com.ar/collections/all,Visa,1,False,591632,0.682857,https://voltra.com.ar/ | https://voltra.com.ar/blogs/noticias | https://voltra.com.ar/collections/accesorios-mochila | https://voltra.com.ar/collections/afeitadoras-sumergibles | https://voltra.com.ar/collections/afeitadoras-voltra | https://voltra.com.ar/collections/all | https://voltra.com.ar/collections/all?page=1 | https://voltra.com.ar/collections/all?page=2 | https://voltra.com.ar/collections/aspiradoras-de-mano | https://voltra.com.ar/collections/cafeteria | https://voltra.com.ar/collections/cocina-inteligente | https://voltra.com.ar/collections/filtros-aspiradoras | https://voltra.com.ar/collections/mas-vendidos | https://voltra.com.ar/collections/mas-vendidos?page=1 | https://voltra.com.ar/collections/mas-vendidos?page=2 | https://voltra.com.ar/collections/mochilas-voltra%C2%AE | https://voltra.com.ar/collections/most-sold | https://voltra.com.ar/collections/nuevos-productos | https://voltra.com.ar/collections/ultimos-ingresos | https://voltra.com.ar/collections/wellness-bienestar | https://voltra.com.ar/pages/agradecimiento-voltra | https://voltra.com.ar/pages/colaboraciones-ugc | https://voltra.com.ar/pages/como-comprar | https://voltra.com.ar/pages/como-son-los-envios | https://voltra.com.ar/pages/contact | https://voltra.com.ar/pages/hot-voltra-2026-vip | https://voltra.com.ar/pages/invitacion-vip-hot-voltra | https://voltra.com.ar/pages/mayoristas | https://voltra.com.ar/pages/medios-de-pago | https://voltra.com.ar/pages/politica-de-cambios-y-devoluciones | https://voltra.com.ar/pages/quienes-somos | https://voltra.com.ar/pages/venta-mayorista | https://voltra.com.ar/pages/vip-link-magico-hot-voltra | https://voltra.com.ar/policies/privacy-policy | https://voltra.com.ar/policies/refund-policy | https://voltra.com.ar/policies/shipping-policy | https://voltra.com.ar/policies/terms-of-service | https://voltra.com.ar/products/adaptador-de-carga-usb-voltra | https://voltra.com.ar/products/afeitadora-anti-cortes-100-sumergible-voltra%C2%AE | https://voltra.com.ar/products/afeitadora-corporal-anti-cortes-voltra-ipx7 | https://voltra.com.ar/products/afeitadora-corporal-voltra-blade-pro-sumergible-sin-cortes-sin-lastimaduras | https://voltra.com.ar/products/aspiradora-inalambrica-voltra%C2%AE-3-en-1-black-edition | https://voltra.com.ar/products/aspiradora-inalambrica-voltra-3-en-1 | https://voltra.com.ar/products/aspiradora-para-mascotas-voltra-kit-grooming-perros-y-gatos | https://voltra.com.ar/products/aspiradora-voltra-swift | https://voltra.com.ar/products/auriculares-bluetooth-inalambricos-voltra-pro-run-1-sonido-de-alta-calidad | https://voltra.com.ar/products/bolsa-voltra | https://voltra.com.ar/products/bolsas-al-vacio-premium | https://voltra.com.ar/products/cafe-colombiano-de-especialidad-aura-250g-500g-1000g | https://voltra.com.ar/products/carro-voltra-plegable-reforzado-y-compacto | https://voltra.com.ar/products/filtro-hepa-hl-138 | https://voltra.com.ar/products/hidrolavadora-voltra-portatil-e-inalambrica-de-alta-presion-kit-completo | https://voltra.com.ar/products/kit-polea-de-gluteos-voltra%C2%AE-programa-21-dias-ebook-video | https://voltra.com.ar/products/limpiador-de-manchas-pro-absorbe-seca-y-limpia | https://voltra.com.ar/products/memoria-externa-usb-c-dual-2tb-para-iphone-ipad-usb-c-y-pc | https://voltra.com.ar/products/mini-shaver-voltra-afeitadora-facial-sumergible-ipx7-barba-y-cabello | https://voltra.com.ar/products/mochila-voltra%C2%AE-core-45l | https://voltra.com.ar/products/molinillo-de-cafe-electrico-portatil-recargable-usb-voltra | https://voltra.com.ar/products/molinillo-de-cafe-manual-portatil-voltra%C2%AE | https://voltra.com.ar/products/mosqueton-premium | https://voltra.com.ar/products/pack-x10-filtro-hepa-hl-121 | https://voltra.com.ar/products/pack-x5-velcros-3d-premium | https://voltra.com.ar/products/palm-masajeador | https://voltra.com.ar/products/punchpro%E2%84%A2-bolsa-de-boxeo-antiestres | https://voltra.com.ar/products/relaxit%E2%84%A2-masajeador-de-cuello-espalda-y-hombros-de-16-cabezales | https://voltra.com.ar/products/sellador-al-vacio-voltra | https://voltra.com.ar/products/sellador-al-vacio-voltra-portatil-recargable-para-bolsas-reutilizables-con-valvula-kit-bolsas | https://voltra.com.ar/products/smashit-saco-de-boxeo | https://voltra.com.ar/products/soporte-auto-carga-magnetica | https://voltra.com.ar/products/soporte-de-notebook-voltra%C2%AE-ajustable-ergonomico-y-plegable | https://voltra.com.ar/products/suite-grafito%E2%84%A2-set-de-bano-3-piezas-aterciopelado-antideslizante-ducha-contorno-tapa | https://voltra.com.ar/products/tabla-de-flexiones-push-up-board-plegable-voltra%C2%AE | https://voltra.com.ar/products/voltra-bag-bolsa-manta-plegable-2-en-1 | https://voltra.com.ar/products/voltra-brazelet | https://voltra.com.ar/products/voltra-go-cart-carro-retractil-plegable-multiuso | https://voltra.com.ar/products/voltra-pin-graba-cada-instante | https://voltra.com.ar/products/voltrabox-saco-de-boxeo | https://voltra.com.ar/products/x10-filtro-hepa-hl-138 | https://voltra.com.ar/sitemap_collections_1.xml?from=301014286396&to=308135624764
https://voltra.com.ar/collections/aspiradoras-de-mano,200,https://voltra.com.ar/collections/aspiradoras-de-mano,Visa,1,False,332695,0.744849,https://voltra.com.ar/collections/aspiradoras-de-mano | https://voltra.com.ar/sitemap_collections_1.xml?from=301014286396&to=308135624764
https://voltra.com.ar/collections/afeitadoras-sumergibles,200,https://voltra.com.ar/collections/afeitadoras-sumergibles,Visa,1,False,359082,0.640548,https://voltra.com.ar/ | https://voltra.com.ar/blogs/noticias | https://voltra.com.ar/collections/accesorios-mochila | https://voltra.com.ar/collections/afeitadoras-sumergibles | https://voltra.com.ar/collections/afeitadoras-voltra | https://voltra.com.ar/collections/all | https://voltra.com.ar/collections/all?page=1 | https://voltra.com.ar/collections/all?page=2 | https://voltra.com.ar/collections/aspiradoras-de-mano | https://voltra.com.ar/collections/cafeteria | https://voltra.com.ar/collections/cocina-inteligente | https://voltra.com.ar/collections/filtros-aspiradoras | https://voltra.com.ar/collections/mas-vendidos | https://voltra.com.ar/collections/mas-vendidos?page=1 | https://voltra.com.ar/collections/mas-vendidos?page=2 | https://voltra.com.ar/collections/mochilas-voltra%C2%AE | https://voltra.com.ar/collections/most-sold | https://voltra.com.ar/collections/nuevos-productos | https://voltra.com.ar/collections/ultimos-ingresos | https://voltra.com.ar/collections/wellness-bienestar | https://voltra.com.ar/pages/agradecimiento-voltra | https://voltra.com.ar/pages/colaboraciones-ugc | https://voltra.com.ar/pages/como-comprar | https://voltra.com.ar/pages/como-son-los-envios | https://voltra.com.ar/pages/contact | https://voltra.com.ar/pages/hot-voltra-2026-vip | https://voltra.com.ar/pages/invitacion-vip-hot-voltra | https://voltra.com.ar/pages/mayoristas | https://voltra.com.ar/pages/medios-de-pago | https://voltra.com.ar/pages/politica-de-cambios-y-devoluciones | https://voltra.com.ar/pages/quienes-somos | https://voltra.com.ar/pages/venta-mayorista | https://voltra.com.ar/pages/vip-link-magico-hot-voltra | https://voltra.com.ar/policies/privacy-policy | https://voltra.com.ar/policies/refund-policy | https://voltra.com.ar/policies/shipping-policy | https://voltra.com.ar/policies/terms-of-service | https://voltra.com.ar/products/adaptador-de-carga-usb-voltra | https://voltra.com.ar/products/afeitadora-anti-cortes-100-sumergible-voltra%C2%AE | https://voltra.com.ar/products/afeitadora-corporal-anti-cortes-voltra-ipx7 | https://voltra.com.ar/products/afeitadora-corporal-voltra-blade-pro-sumergible-sin-cortes-sin-lastimaduras | https://voltra.com.ar/products/aspiradora-inalambrica-voltra%C2%AE-3-en-1-black-edition | https://voltra.com.ar/products/aspiradora-inalambrica-voltra-3-en-1 | https://voltra.com.ar/products/aspiradora-para-mascotas-voltra-kit-grooming-perros-y-gatos | https://voltra.com.ar/products/aspiradora-voltra-swift | https://voltra.com.ar/products/auriculares-bluetooth-inalambricos-voltra-pro-run-1-sonido-de-alta-calidad | https://voltra.com.ar/products/bolsa-voltra | https://voltra.com.ar/products/bolsas-al-vacio-premium | https://voltra.com.ar/products/cafe-colombiano-de-especialidad-aura-250g-500g-1000g | https://voltra.com.ar/products/carro-voltra-plegable-reforzado-y-compacto | https://voltra.com.ar/products/filtro-hepa-hl-138 | https://voltra.com.ar/products/hidrolavadora-voltra-portatil-e-inalambrica-de-alta-presion-kit-completo | https://voltra.com.ar/products/kit-polea-de-gluteos-voltra%C2%AE-programa-21-dias-ebook-video | https://voltra.com.ar/products/limpiador-de-manchas-pro-absorbe-seca-y-limpia | https://voltra.com.ar/products/memoria-externa-usb-c-dual-2tb-para-iphone-ipad-usb-c-y-pc | https://voltra.com.ar/products/mini-shaver-voltra-afeitadora-facial-sumergible-ipx7-barba-y-cabello | https://voltra.com.ar/products/mochila-voltra%C2%AE-core-45l | https://voltra.com.ar/products/molinillo-de-cafe-electrico-portatil-recargable-usb-voltra | https://voltra.com.ar/products/molinillo-de-cafe-manual-portatil-voltra%C2%AE | https://voltra.com.ar/products/mosqueton-premium | https://voltra.com.ar/products/pack-x10-filtro-hepa-hl-121 | https://voltra.com.ar/products/pack-x5-velcros-3d-premium | https://voltra.com.ar/products/palm-masajeador | https://voltra.com.ar/products/punchpro%E2%84%A2-bolsa-de-boxeo-antiestres | https://voltra.com.ar/products/relaxit%E2%84%A2-masajeador-de-cuello-espalda-y-hombros-de-16-cabezales | https://voltra.com.ar/products/sellador-al-vacio-voltra | https://voltra.com.ar/products/sellador-al-vacio-voltra-portatil-recargable-para-bolsas-reutilizables-con-valvula-kit-bolsas | https://voltra.com.ar/products/smashit-saco-de-boxeo | https://voltra.com.ar/products/soporte-auto-carga-magnetica | https://voltra.com.ar/products/soporte-de-notebook-voltra%C2%AE-ajustable-ergonomico-y-plegable | https://voltra.com.ar/products/suite-grafito%E2%84%A2-set-de-bano-3-piezas-aterciopelado-antideslizante-ducha-contorno-tapa | https://voltra.com.ar/products/tabla-de-flexiones-push-up-board-plegable-voltra%C2%AE | https://voltra.com.ar/products/voltra-bag-bolsa-manta-plegable-2-en-1 | https://voltra.com.ar/products/voltra-brazelet | https://voltra.com.ar/products/voltra-go-cart-carro-retractil-plegable-multiuso | https://voltra.com.ar/products/voltra-pin-graba-cada-instante | https://voltra.com.ar/products/voltrabox-saco-de-boxeo | https://voltra.com.ar/products/x10-filtro-hepa-hl-138 | https://voltra.com.ar/sitemap_collections_1.xml?from=301014286396&to=308135624764
https://voltra.com.ar/collections/wellness-bienestar,200,https://voltra.com.ar/collections/wellness-bienestar,Visa,1,False,396403,0.637080,https://voltra.com.ar/ | https://voltra.com.ar/blogs/noticias | https://voltra.com.ar/collections/accesorios-mochila | https://voltra.com.ar/collections/afeitadoras-sumergibles | https://voltra.com.ar/collections/afeitadoras-voltra | https://voltra.com.ar/collections/all | https://voltra.com.ar/collections/all?page=1 | https://voltra.com.ar/collections/all?page=2 | https://voltra.com.ar/collections/aspiradoras-de-mano | https://voltra.com.ar/collections/cafeteria | https://voltra.com.ar/collections/cocina-inteligente | https://voltra.com.ar/collections/filtros-aspiradoras | https://voltra.com.ar/collections/mas-vendidos | https://voltra.com.ar/collections/mas-vendidos?page=1 | https://voltra.com.ar/collections/mas-vendidos?page=2 | https://voltra.com.ar/collections/mochilas-voltra%C2%AE | https://voltra.com.ar/collections/most-sold | https://voltra.com.ar/collections/nuevos-productos | https://voltra.com.ar/collections/ultimos-ingresos | https://voltra.com.ar/collections/wellness-bienestar | https://voltra.com.ar/pages/agradecimiento-voltra | https://voltra.com.ar/pages/colaboraciones-ugc | https://voltra.com.ar/pages/como-comprar | https://voltra.com.ar/pages/como-son-los-envios | https://voltra.com.ar/pages/contact | https://voltra.com.ar/pages/hot-voltra-2026-vip | https://voltra.com.ar/pages/invitacion-vip-hot-voltra | https://voltra.com.ar/pages/mayoristas | https://voltra.com.ar/pages/medios-de-pago | https://voltra.com.ar/pages/politica-de-cambios-y-devoluciones | https://voltra.com.ar/pages/quienes-somos | https://voltra.com.ar/pages/venta-mayorista | https://voltra.com.ar/pages/vip-link-magico-hot-voltra | https://voltra.com.ar/policies/privacy-policy | https://voltra.com.ar/policies/refund-policy | https://voltra.com.ar/policies/shipping-policy | https://voltra.com.ar/policies/terms-of-service | https://voltra.com.ar/products/adaptador-de-carga-usb-voltra | https://voltra.com.ar/products/afeitadora-anti-cortes-100-sumergible-voltra%C2%AE | https://voltra.com.ar/products/afeitadora-corporal-anti-cortes-voltra-ipx7 | https://voltra.com.ar/products/afeitadora-corporal-voltra-blade-pro-sumergible-sin-cortes-sin-lastimaduras | https://voltra.com.ar/products/aspiradora-inalambrica-voltra%C2%AE-3-en-1-black-edition | https://voltra.com.ar/products/aspiradora-inalambrica-voltra-3-en-1 | https://voltra.com.ar/products/aspiradora-para-mascotas-voltra-kit-grooming-perros-y-gatos | https://voltra.com.ar/products/aspiradora-voltra-swift | https://voltra.com.ar/products/auriculares-bluetooth-inalambricos-voltra-pro-run-1-sonido-de-alta-calidad | https://voltra.com.ar/products/bolsa-voltra | https://voltra.com.ar/products/bolsas-al-vacio-premium | https://voltra.com.ar/products/cafe-colombiano-de-especialidad-aura-250g-500g-1000g | https://voltra.com.ar/products/carro-voltra-plegable-reforzado-y-compacto | https://voltra.com.ar/products/filtro-hepa-hl-138 | https://voltra.com.ar/products/hidrolavadora-voltra-portatil-e-inalambrica-de-alta-presion-kit-completo | https://voltra.com.ar/products/kit-polea-de-gluteos-voltra%C2%AE-programa-21-dias-ebook-video | https://voltra.com.ar/products/limpiador-de-manchas-pro-absorbe-seca-y-limpia | https://voltra.com.ar/products/memoria-externa-usb-c-dual-2tb-para-iphone-ipad-usb-c-y-pc | https://voltra.com.ar/products/mini-shaver-voltra-afeitadora-facial-sumergible-ipx7-barba-y-cabello | https://voltra.com.ar/products/mochila-voltra%C2%AE-core-45l | https://voltra.com.ar/products/molinillo-de-cafe-electrico-portatil-recargable-usb-voltra | https://voltra.com.ar/products/molinillo-de-cafe-manual-portatil-voltra%C2%AE | https://voltra.com.ar/products/mosqueton-premium | https://voltra.com.ar/products/pack-x10-filtro-hepa-hl-121 | https://voltra.com.ar/products/pack-x5-velcros-3d-premium | https://voltra.com.ar/products/palm-masajeador | https://voltra.com.ar/products/punchpro%E2%84%A2-bolsa-de-boxeo-antiestres | https://voltra.com.ar/products/relaxit%E2%84%A2-masajeador-de-cuello-espalda-y-hombros-de-16-cabezales | https://voltra.com.ar/products/sellador-al-vacio-voltra | https://voltra.com.ar/products/sellador-al-vacio-voltra-portatil-recargable-para-bolsas-reutilizables-con-valvula-kit-bolsas | https://voltra.com.ar/products/smashit-saco-de-boxeo | https://voltra.com.ar/products/soporte-auto-carga-magnetica | https://voltra.com.ar/products/soporte-de-notebook-voltra%C2%AE-ajustable-ergonomico-y-plegable | https://voltra.com.ar/products/suite-grafito%E2%84%A2-set-de-bano-3-piezas-aterciopelado-antideslizante-ducha-contorno-tapa | https://voltra.com.ar/products/tabla-de-flexiones-push-up-board-plegable-voltra%C2%AE | https://voltra.com.ar/products/voltra-bag-bolsa-manta-plegable-2-en-1 | https://voltra.com.ar/products/voltra-brazelet | https://voltra.com.ar/products/voltra-go-cart-carro-retractil-plegable-multiuso | https://voltra.com.ar/products/voltra-pin-graba-cada-instante | https://voltra.com.ar/products/voltrabox-saco-de-boxeo | https://voltra.com.ar/products/x10-filtro-hepa-hl-138 | https://voltra.com.ar/sitemap_collections_1.xml?from=301014286396&to=308135624764
https://voltra.com.ar/collections/cocina-inteligente,200,https://voltra.com.ar/collections/cocina-inteligente,Visa,1,False,331920,0.551100,https://voltra.com.ar/ | https://voltra.com.ar/blogs/noticias | https://voltra.com.ar/collections/accesorios-mochila | https://voltra.com.ar/collections/afeitadoras-sumergibles | https://voltra.com.ar/collections/afeitadoras-voltra | https://voltra.com.ar/collections/all | https://voltra.com.ar/collections/all?page=1 | https://voltra.com.ar/collections/all?page=2 | https://voltra.com.ar/collections/aspiradoras-de-mano | https://voltra.com.ar/collections/cafeteria | https://voltra.com.ar/collections/cocina-inteligente | https://voltra.com.ar/collections/filtros-aspiradoras | https://voltra.com.ar/collections/mas-vendidos | https://voltra.com.ar/collections/mas-vendidos?page=1 | https://voltra.com.ar/collections/mas-vendidos?page=2 | https://voltra.com.ar/collections/mochilas-voltra%C2%AE | https://voltra.com.ar/collections/most-sold | https://voltra.com.ar/collections/nuevos-productos | https://voltra.com.ar/collections/ultimos-ingresos | https://voltra.com.ar/collections/wellness-bienestar | https://voltra.com.ar/pages/agradecimiento-voltra | https://voltra.com.ar/pages/colaboraciones-ugc | https://voltra.com.ar/pages/como-comprar | https://voltra.com.ar/pages/como-son-los-envios | https://voltra.com.ar/pages/contact | https://voltra.com.ar/pages/hot-voltra-2026-vip | https://voltra.com.ar/pages/invitacion-vip-hot-voltra | https://voltra.com.ar/pages/mayoristas | https://voltra.com.ar/pages/medios-de-pago | https://voltra.com.ar/pages/politica-de-cambios-y-devoluciones | https://voltra.com.ar/pages/quienes-somos | https://voltra.com.ar/pages/venta-mayorista | https://voltra.com.ar/pages/vip-link-magico-hot-voltra | https://voltra.com.ar/policies/privacy-policy | https://voltra.com.ar/policies/refund-policy | https://voltra.com.ar/policies/shipping-policy | https://voltra.com.ar/policies/terms-of-service | https://voltra.com.ar/products/adaptador-de-carga-usb-voltra | https://voltra.com.ar/products/afeitadora-anti-cortes-100-sumergible-voltra%C2%AE | https://voltra.com.ar/products/afeitadora-corporal-anti-cortes-voltra-ipx7 | https://voltra.com.ar/products/afeitadora-corporal-voltra-blade-pro-sumergible-sin-cortes-sin-lastimaduras | https://voltra.com.ar/products/aspiradora-inalambrica-voltra%C2%AE-3-en-1-black-edition | https://voltra.com.ar/products/aspiradora-inalambrica-voltra-3-en-1 | https://voltra.com.ar/products/aspiradora-para-mascotas-voltra-kit-grooming-perros-y-gatos | https://voltra.com.ar/products/aspiradora-voltra-swift | https://voltra.com.ar/products/auriculares-bluetooth-inalambricos-voltra-pro-run-1-sonido-de-alta-calidad | https://voltra.com.ar/products/bolsa-voltra | https://voltra.com.ar/products/bolsas-al-vacio-premium | https://voltra.com.ar/products/cafe-colombiano-de-especialidad-aura-250g-500g-1000g | https://voltra.com.ar/products/carro-voltra-plegable-reforzado-y-compacto | https://voltra.com.ar/products/filtro-hepa-hl-138 | https://voltra.com.ar/products/hidrolavadora-voltra-portatil-e-inalambrica-de-alta-presion-kit-completo | https://voltra.com.ar/products/kit-polea-de-gluteos-voltra%C2%AE-programa-21-dias-ebook-video | https://voltra.com.ar/products/limpiador-de-manchas-pro-absorbe-seca-y-limpia | https://voltra.com.ar/products/memoria-externa-usb-c-dual-2tb-para-iphone-ipad-usb-c-y-pc | https://voltra.com.ar/products/mini-shaver-voltra-afeitadora-facial-sumergible-ipx7-barba-y-cabello | https://voltra.com.ar/products/mochila-voltra%C2%AE-core-45l | https://voltra.com.ar/products/molinillo-de-cafe-electrico-portatil-recargable-usb-voltra | https://voltra.com.ar/products/molinillo-de-cafe-manual-portatil-voltra%C2%AE | https://voltra.com.ar/products/mosqueton-premium | https://voltra.com.ar/products/pack-x10-filtro-hepa-hl-121 | https://voltra.com.ar/products/pack-x5-velcros-3d-premium | https://voltra.com.ar/products/palm-masajeador | https://voltra.com.ar/products/punchpro%E2%84%A2-bolsa-de-boxeo-antiestres | https://voltra.com.ar/products/relaxit%E2%84%A2-masajeador-de-cuello-espalda-y-hombros-de-16-cabezales | https://voltra.com.ar/products/sellador-al-vacio-voltra | https://voltra.com.ar/products/sellador-al-vacio-voltra-portatil-recargable-para-bolsas-reutilizables-con-valvula-kit-bolsas | https://voltra.com.ar/products/smashit-saco-de-boxeo | https://voltra.com.ar/products/soporte-auto-carga-magnetica | https://voltra.com.ar/products/soporte-de-notebook-voltra%C2%AE-ajustable-ergonomico-y-plegable | https://voltra.com.ar/products/suite-grafito%E2%84%A2-set-de-bano-3-piezas-aterciopelado-antideslizante-ducha-contorno-tapa | https://voltra.com.ar/products/tabla-de-flexiones-push-up-board-plegable-voltra%C2%AE | https://voltra.com.ar/products/voltra-bag-bolsa-manta-plegable-2-en-1 | https://voltra.com.ar/products/voltra-brazelet | https://voltra.com.ar/products/voltra-go-cart-carro-retractil-plegable-multiuso | https://voltra.com.ar/products/voltra-pin-graba-cada-instante | https://voltra.com.ar/products/voltrabox-saco-de-boxeo | https://voltra.com.ar/products/x10-filtro-hepa-hl-138 | https://voltra.com.ar/sitemap_collections_1.xml?from=301014286396&to=308135624764
https://voltra.com.ar/collections/ultimos-ingresos,200,https://voltra.com.ar/collections/ultimos-ingresos,Visa,1,False,554986,0.668817,https://voltra.com.ar/ | https://voltra.com.ar/blogs/noticias | https://voltra.com.ar/collections/accesorios-mochila | https://voltra.com.ar/collections/afeitadoras-sumergibles | https://voltra.com.ar/collections/afeitadoras-voltra | https://voltra.com.ar/collections/all | https://voltra.com.ar/collections/all?page=1 | https://voltra.com.ar/collections/all?page=2 | https://voltra.com.ar/collections/aspiradoras-de-mano | https://voltra.com.ar/collections/cafeteria | https://voltra.com.ar/collections/cocina-inteligente | https://voltra.com.ar/collections/filtros-aspiradoras | https://voltra.com.ar/collections/mas-vendidos | https://voltra.com.ar/collections/mas-vendidos?page=1 | https://voltra.com.ar/collections/mas-vendidos?page=2 | https://voltra.com.ar/collections/mochilas-voltra%C2%AE | https://voltra.com.ar/collections/most-sold | https://voltra.com.ar/collections/nuevos-productos | https://voltra.com.ar/collections/ultimos-ingresos | https://voltra.com.ar/collections/wellness-bienestar | https://voltra.com.ar/pages/agradecimiento-voltra | https://voltra.com.ar/pages/colaboraciones-ugc | https://voltra.com.ar/pages/como-comprar | https://voltra.com.ar/pages/como-son-los-envios | https://voltra.com.ar/pages/contact | https://voltra.com.ar/pages/hot-voltra-2026-vip | https://voltra.com.ar/pages/invitacion-vip-hot-voltra | https://voltra.com.ar/pages/mayoristas | https://voltra.com.ar/pages/medios-de-pago | https://voltra.com.ar/pages/politica-de-cambios-y-devoluciones | https://voltra.com.ar/pages/quienes-somos | https://voltra.com.ar/pages/venta-mayorista | https://voltra.com.ar/pages/vip-link-magico-hot-voltra | https://voltra.com.ar/policies/privacy-policy | https://voltra.com.ar/policies/refund-policy | https://voltra.com.ar/policies/shipping-policy | https://voltra.com.ar/policies/terms-of-service | https://voltra.com.ar/products/adaptador-de-carga-usb-voltra | https://voltra.com.ar/products/afeitadora-anti-cortes-100-sumergible-voltra%C2%AE | https://voltra.com.ar/products/afeitadora-corporal-anti-cortes-voltra-ipx7 | https://voltra.com.ar/products/afeitadora-corporal-voltra-blade-pro-sumergible-sin-cortes-sin-lastimaduras | https://voltra.com.ar/products/aspiradora-inalambrica-voltra%C2%AE-3-en-1-black-edition | https://voltra.com.ar/products/aspiradora-inalambrica-voltra-3-en-1 | https://voltra.com.ar/products/aspiradora-para-mascotas-voltra-kit-grooming-perros-y-gatos | https://voltra.com.ar/products/aspiradora-voltra-swift | https://voltra.com.ar/products/auriculares-bluetooth-inalambricos-voltra-pro-run-1-sonido-de-alta-calidad | https://voltra.com.ar/products/bolsa-voltra | https://voltra.com.ar/products/bolsas-al-vacio-premium | https://voltra.com.ar/products/cafe-colombiano-de-especialidad-aura-250g-500g-1000g | https://voltra.com.ar/products/carro-voltra-plegable-reforzado-y-compacto | https://voltra.com.ar/products/filtro-hepa-hl-138 | https://voltra.com.ar/products/hidrolavadora-voltra-portatil-e-inalambrica-de-alta-presion-kit-completo | https://voltra.com.ar/products/kit-polea-de-gluteos-voltra%C2%AE-programa-21-dias-ebook-video | https://voltra.com.ar/products/limpiador-de-manchas-pro-absorbe-seca-y-limpia | https://voltra.com.ar/products/memoria-externa-usb-c-dual-2tb-para-iphone-ipad-usb-c-y-pc | https://voltra.com.ar/products/mini-shaver-voltra-afeitadora-facial-sumergible-ipx7-barba-y-cabello | https://voltra.com.ar/products/mochila-voltra%C2%AE-core-45l | https://voltra.com.ar/products/molinillo-de-cafe-electrico-portatil-recargable-usb-voltra | https://voltra.com.ar/products/molinillo-de-cafe-manual-portatil-voltra%C2%AE | https://voltra.com.ar/products/mosqueton-premium | https://voltra.com.ar/products/pack-x10-filtro-hepa-hl-121 | https://voltra.com.ar/products/pack-x5-velcros-3d-premium | https://voltra.com.ar/products/palm-masajeador | https://voltra.com.ar/products/punchpro%E2%84%A2-bolsa-de-boxeo-antiestres | https://voltra.com.ar/products/relaxit%E2%84%A2-masajeador-de-cuello-espalda-y-hombros-de-16-cabezales | https://voltra.com.ar/products/sellador-al-vacio-voltra | https://voltra.com.ar/products/sellador-al-vacio-voltra-portatil-recargable-para-bolsas-reutilizables-con-valvula-kit-bolsas | https://voltra.com.ar/products/smashit-saco-de-boxeo | https://voltra.com.ar/products/soporte-auto-carga-magnetica | https://voltra.com.ar/products/soporte-de-notebook-voltra%C2%AE-ajustable-ergonomico-y-plegable | https://voltra.com.ar/products/suite-grafito%E2%84%A2-set-de-bano-3-piezas-aterciopelado-antideslizante-ducha-contorno-tapa | https://voltra.com.ar/products/tabla-de-flexiones-push-up-board-plegable-voltra%C2%AE | https://voltra.com.ar/products/voltra-bag-bolsa-manta-plegable-2-en-1 | https://voltra.com.ar/products/voltra-brazelet | https://voltra.com.ar/products/voltra-go-cart-carro-retractil-plegable-multiuso | https://voltra.com.ar/products/voltra-pin-graba-cada-instante | https://voltra.com.ar/products/voltrabox-saco-de-boxeo | https://voltra.com.ar/products/x10-filtro-hepa-hl-138 | https://voltra.com.ar/sitemap_collections_1.xml?from=301014286396&to=308135624764
https://voltra.com.ar/collections/cafeteria,200,https://voltra.com.ar/collections/cafeteria,Visa,1,False,333977,0.563386,https://voltra.com.ar/ | https://voltra.com.ar/blogs/noticias | https://voltra.com.ar/collections/accesorios-mochila | https://voltra.com.ar/collections/afeitadoras-sumergibles | https://voltra.com.ar/collections/afeitadoras-voltra | https://voltra.com.ar/collections/all | https://voltra.com.ar/collections/all?page=1 | https://voltra.com.ar/collections/all?page=2 | https://voltra.com.ar/collections/aspiradoras-de-mano | https://voltra.com.ar/collections/cafeteria | https://voltra.com.ar/collections/cocina-inteligente | https://voltra.com.ar/collections/filtros-aspiradoras | https://voltra.com.ar/collections/mas-vendidos | https://voltra.com.ar/collections/mas-vendidos?page=1 | https://voltra.com.ar/collections/mas-vendidos?page=2 | https://voltra.com.ar/collections/mochilas-voltra%C2%AE | https://voltra.com.ar/collections/most-sold | https://voltra.com.ar/collections/nuevos-productos | https://voltra.com.ar/collections/ultimos-ingresos | https://voltra.com.ar/collections/wellness-bienestar | https://voltra.com.ar/pages/agradecimiento-voltra | https://voltra.com.ar/pages/colaboraciones-ugc | https://voltra.com.ar/pages/como-comprar | https://voltra.com.ar/pages/como-son-los-envios | https://voltra.com.ar/pages/contact | https://voltra.com.ar/pages/hot-voltra-2026-vip | https://voltra.com.ar/pages/invitacion-vip-hot-voltra | https://voltra.com.ar/pages/mayoristas | https://voltra.com.ar/pages/medios-de-pago | https://voltra.com.ar/pages/politica-de-cambios-y-devoluciones | https://voltra.com.ar/pages/quienes-somos | https://voltra.com.ar/pages/venta-mayorista | https://voltra.com.ar/pages/vip-link-magico-hot-voltra | https://voltra.com.ar/policies/privacy-policy | https://voltra.com.ar/policies/refund-policy | https://voltra.com.ar/policies/shipping-policy | https://voltra.com.ar/policies/terms-of-service | https://voltra.com.ar/products/adaptador-de-carga-usb-voltra | https://voltra.com.ar/products/afeitadora-anti-cortes-100-sumergible-voltra%C2%AE | https://voltra.com.ar/products/afeitadora-corporal-anti-cortes-voltra-ipx7 | https://voltra.com.ar/products/afeitadora-corporal-voltra-blade-pro-sumergible-sin-cortes-sin-lastimaduras | https://voltra.com.ar/products/aspiradora-inalambrica-voltra%C2%AE-3-en-1-black-edition | https://voltra.com.ar/products/aspiradora-inalambrica-voltra-3-en-1 | https://voltra.com.ar/products/aspiradora-para-mascotas-voltra-kit-grooming-perros-y-gatos | https://voltra.com.ar/products/aspiradora-voltra-swift | https://voltra.com.ar/products/auriculares-bluetooth-inalambricos-voltra-pro-run-1-sonido-de-alta-calidad | https://voltra.com.ar/products/bolsa-voltra | https://voltra.com.ar/products/bolsas-al-vacio-premium | https://voltra.com.ar/products/cafe-colombiano-de-especialidad-aura-250g-500g-1000g | https://voltra.com.ar/products/carro-voltra-plegable-reforzado-y-compacto | https://voltra.com.ar/products/filtro-hepa-hl-138 | https://voltra.com.ar/products/hidrolavadora-voltra-portatil-e-inalambrica-de-alta-presion-kit-completo | https://voltra.com.ar/products/kit-polea-de-gluteos-voltra%C2%AE-programa-21-dias-ebook-video | https://voltra.com.ar/products/limpiador-de-manchas-pro-absorbe-seca-y-limpia | https://voltra.com.ar/products/memoria-externa-usb-c-dual-2tb-para-iphone-ipad-usb-c-y-pc | https://voltra.com.ar/products/mini-shaver-voltra-afeitadora-facial-sumergible-ipx7-barba-y-cabello | https://voltra.com.ar/products/mochila-voltra%C2%AE-core-45l | https://voltra.com.ar/products/molinillo-de-cafe-electrico-portatil-recargable-usb-voltra | https://voltra.com.ar/products/molinillo-de-cafe-manual-portatil-voltra%C2%AE | https://voltra.com.ar/products/mosqueton-premium | https://voltra.com.ar/products/pack-x10-filtro-hepa-hl-121 | https://voltra.com.ar/products/pack-x5-velcros-3d-premium | https://voltra.com.ar/products/palm-masajeador | https://voltra.com.ar/products/punchpro%E2%84%A2-bolsa-de-boxeo-antiestres | https://voltra.com.ar/products/relaxit%E2%84%A2-masajeador-de-cuello-espalda-y-hombros-de-16-cabezales | https://voltra.com.ar/products/sellador-al-vacio-voltra | https://voltra.com.ar/products/sellador-al-vacio-voltra-portatil-recargable-para-bolsas-reutilizables-con-valvula-kit-bolsas | https://voltra.com.ar/products/smashit-saco-de-boxeo | https://voltra.com.ar/products/soporte-auto-carga-magnetica | https://voltra.com.ar/products/soporte-de-notebook-voltra%C2%AE-ajustable-ergonomico-y-plegable | https://voltra.com.ar/products/suite-grafito%E2%84%A2-set-de-bano-3-piezas-aterciopelado-antideslizante-ducha-contorno-tapa | https://voltra.com.ar/products/tabla-de-flexiones-push-up-board-plegable-voltra%C2%AE | https://voltra.com.ar/products/voltra-bag-bolsa-manta-plegable-2-en-1 | https://voltra.com.ar/products/voltra-brazelet | https://voltra.com.ar/products/voltra-go-cart-carro-retractil-plegable-multiuso | https://voltra.com.ar/products/voltra-pin-graba-cada-instante | https://voltra.com.ar/products/voltrabox-saco-de-boxeo | https://voltra.com.ar/products/x10-filtro-hepa-hl-138 | https://voltra.com.ar/sitemap_collections_1.xml?from=301014286396&to=308135624764
https://voltra.com.ar/collections/afeitadoras-voltra,200,https://voltra.com.ar/collections/afeitadoras-voltra,Visa,1,False,296074,0.712118,https://voltra.com.ar/collections/afeitadoras-voltra | https://voltra.com.ar/sitemap_collections_1.xml?from=301014286396&to=308135624764
https://voltra.com.ar/collections/most-sold,200,https://voltra.com.ar/collections/most-sold,Visa,1,False,456695,0.675021,https://voltra.com.ar/collections/most-sold | https://voltra.com.ar/sitemap_collections_1.xml?from=301014286396&to=308135624764
https://voltra.com.ar/collections/nuevos-productos,200,https://voltra.com.ar/collections/nuevos-productos,Visa,1,False,354274,0.621901,https://voltra.com.ar/collections/nuevos-productos | https://voltra.com.ar/sitemap_collections_1.xml?from=301014286396&to=308135624764
https://voltra.com.ar/blogs/noticias,200,https://voltra.com.ar/blogs/noticias,Visa,1,True,283498,0.587370,https://voltra.com.ar/blogs/noticias | https://voltra.com.ar/sitemap_blogs_1.xml
https://voltra.com.ar/pages/venta-mayorista,404,https://voltra.com.ar/pages/venta-mayorista,Visa,1,False,282534,0.515310,https://voltra.com.ar/ | https://voltra.com.ar/blogs/noticias | https://voltra.com.ar/collections/accesorios-mochila | https://voltra.com.ar/collections/afeitadoras-sumergibles | https://voltra.com.ar/collections/afeitadoras-voltra | https://voltra.com.ar/collections/all | https://voltra.com.ar/collections/all?page=1 | https://voltra.com.ar/collections/all?page=2 | https://voltra.com.ar/collections/aspiradoras-de-mano | https://voltra.com.ar/collections/cafeteria | https://voltra.com.ar/collections/cocina-inteligente | https://voltra.com.ar/collections/filtros-aspiradoras | https://voltra.com.ar/collections/mas-vendidos | https://voltra.com.ar/collections/mas-vendidos?page=1 | https://voltra.com.ar/collections/mas-vendidos?page=2 | https://voltra.com.ar/collections/mochilas-voltra%C2%AE | https://voltra.com.ar/collections/most-sold | https://voltra.com.ar/collections/nuevos-productos | https://voltra.com.ar/collections/ultimos-ingresos | https://voltra.com.ar/collections/wellness-bienestar | https://voltra.com.ar/pages/agradecimiento-voltra | https://voltra.com.ar/pages/colaboraciones-ugc | https://voltra.com.ar/pages/como-comprar | https://voltra.com.ar/pages/como-son-los-envios | https://voltra.com.ar/pages/contact | https://voltra.com.ar/pages/hot-voltra-2026-vip | https://voltra.com.ar/pages/invitacion-vip-hot-voltra | https://voltra.com.ar/pages/mayoristas | https://voltra.com.ar/pages/medios-de-pago | https://voltra.com.ar/pages/politica-de-cambios-y-devoluciones | https://voltra.com.ar/pages/quienes-somos | https://voltra.com.ar/pages/venta-mayorista | https://voltra.com.ar/pages/vip-link-magico-hot-voltra | https://voltra.com.ar/policies/privacy-policy | https://voltra.com.ar/policies/refund-policy | https://voltra.com.ar/policies/shipping-policy | https://voltra.com.ar/policies/terms-of-service | https://voltra.com.ar/products/adaptador-de-carga-usb-voltra | https://voltra.com.ar/products/afeitadora-anti-cortes-100-sumergible-voltra%C2%AE | https://voltra.com.ar/products/afeitadora-corporal-anti-cortes-voltra-ipx7 | https://voltra.com.ar/products/afeitadora-corporal-voltra-blade-pro-sumergible-sin-cortes-sin-lastimaduras | https://voltra.com.ar/products/aspiradora-inalambrica-voltra%C2%AE-3-en-1-black-edition | https://voltra.com.ar/products/aspiradora-inalambrica-voltra-3-en-1 | https://voltra.com.ar/products/aspiradora-para-mascotas-voltra-kit-grooming-perros-y-gatos | https://voltra.com.ar/products/aspiradora-voltra-swift | https://voltra.com.ar/products/auriculares-bluetooth-inalambricos-voltra-pro-run-1-sonido-de-alta-calidad | https://voltra.com.ar/products/bolsa-voltra | https://voltra.com.ar/products/bolsas-al-vacio-premium | https://voltra.com.ar/products/cafe-colombiano-de-especialidad-aura-250g-500g-1000g | https://voltra.com.ar/products/carro-voltra-plegable-reforzado-y-compacto | https://voltra.com.ar/products/filtro-hepa-hl-138 | https://voltra.com.ar/products/hidrolavadora-voltra-portatil-e-inalambrica-de-alta-presion-kit-completo | https://voltra.com.ar/products/kit-polea-de-gluteos-voltra%C2%AE-programa-21-dias-ebook-video | https://voltra.com.ar/products/limpiador-de-manchas-pro-absorbe-seca-y-limpia | https://voltra.com.ar/products/memoria-externa-usb-c-dual-2tb-para-iphone-ipad-usb-c-y-pc | https://voltra.com.ar/products/mini-shaver-voltra-afeitadora-facial-sumergible-ipx7-barba-y-cabello | https://voltra.com.ar/products/mochila-voltra%C2%AE-core-45l | https://voltra.com.ar/products/molinillo-de-cafe-electrico-portatil-recargable-usb-voltra | https://voltra.com.ar/products/molinillo-de-cafe-manual-portatil-voltra%C2%AE | https://voltra.com.ar/products/mosqueton-premium | https://voltra.com.ar/products/pack-x10-filtro-hepa-hl-121 | https://voltra.com.ar/products/pack-x5-velcros-3d-premium | https://voltra.com.ar/products/palm-masajeador | https://voltra.com.ar/products/punchpro%E2%84%A2-bolsa-de-boxeo-antiestres | https://voltra.com.ar/products/relaxit%E2%84%A2-masajeador-de-cuello-espalda-y-hombros-de-16-cabezales | https://voltra.com.ar/products/sellador-al-vacio-voltra | https://voltra.com.ar/products/sellador-al-vacio-voltra-portatil-recargable-para-bolsas-reutilizables-con-valvula-kit-bolsas | https://voltra.com.ar/products/smashit-saco-de-boxeo | https://voltra.com.ar/products/soporte-auto-carga-magnetica | https://voltra.com.ar/products/soporte-de-notebook-voltra%C2%AE-ajustable-ergonomico-y-plegable | https://voltra.com.ar/products/suite-grafito%E2%84%A2-set-de-bano-3-piezas-aterciopelado-antideslizante-ducha-contorno-tapa | https://voltra.com.ar/products/tabla-de-flexiones-push-up-board-plegable-voltra%C2%AE | https://voltra.com.ar/products/voltra-bag-bolsa-manta-plegable-2-en-1 | https://voltra.com.ar/products/voltra-brazelet | https://voltra.com.ar/products/voltra-go-cart-carro-retractil-plegable-multiuso | https://voltra.com.ar/products/voltra-pin-graba-cada-instante | https://voltra.com.ar/products/voltrabox-saco-de-boxeo | https://voltra.com.ar/products/x10-filtro-hepa-hl-138
https://voltra.com.ar/policies/shipping-policy,200,https://voltra.com.ar/policies/shipping-policy,Visa,2,False,283545,0.592050,https://voltra.com.ar/ | https://voltra.com.ar/blogs/noticias | https://voltra.com.ar/collections/accesorios-mochila | https://voltra.com.ar/collections/afeitadoras-sumergibles | https://voltra.com.ar/collections/afeitadoras-voltra | https://voltra.com.ar/collections/all | https://voltra.com.ar/collections/all?page=1 | https://voltra.com.ar/collections/all?page=2 | https://voltra.com.ar/collections/aspiradoras-de-mano | https://voltra.com.ar/collections/cafeteria | https://voltra.com.ar/collections/cocina-inteligente | https://voltra.com.ar/collections/filtros-aspiradoras | https://voltra.com.ar/collections/mas-vendidos | https://voltra.com.ar/collections/mas-vendidos?page=1 | https://voltra.com.ar/collections/mas-vendidos?page=2 | https://voltra.com.ar/collections/mochilas-voltra%C2%AE | https://voltra.com.ar/collections/most-sold | https://voltra.com.ar/collections/nuevos-productos | https://voltra.com.ar/collections/ultimos-ingresos | https://voltra.com.ar/collections/wellness-bienestar | https://voltra.com.ar/pages/agradecimiento-voltra | https://voltra.com.ar/pages/colaboraciones-ugc | https://voltra.com.ar/pages/como-comprar | https://voltra.com.ar/pages/como-son-los-envios | https://voltra.com.ar/pages/contact | https://voltra.com.ar/pages/hot-voltra-2026-vip | https://voltra.com.ar/pages/invitacion-vip-hot-voltra | https://voltra.com.ar/pages/mayoristas | https://voltra.com.ar/pages/medios-de-pago | https://voltra.com.ar/pages/politica-de-cambios-y-devoluciones | https://voltra.com.ar/pages/quienes-somos | https://voltra.com.ar/pages/venta-mayorista | https://voltra.com.ar/pages/vip-link-magico-hot-voltra | https://voltra.com.ar/policies/privacy-policy | https://voltra.com.ar/policies/refund-policy | https://voltra.com.ar/policies/shipping-policy | https://voltra.com.ar/policies/terms-of-service | https://voltra.com.ar/products/adaptador-de-carga-usb-voltra | https://voltra.com.ar/products/afeitadora-anti-cortes-100-sumergible-voltra%C2%AE | https://voltra.com.ar/products/afeitadora-corporal-anti-cortes-voltra-ipx7 | https://voltra.com.ar/products/afeitadora-corporal-voltra-blade-pro-sumergible-sin-cortes-sin-lastimaduras | https://voltra.com.ar/products/aspiradora-inalambrica-voltra%C2%AE-3-en-1-black-edition | https://voltra.com.ar/products/aspiradora-inalambrica-voltra-3-en-1 | https://voltra.com.ar/products/aspiradora-para-mascotas-voltra-kit-grooming-perros-y-gatos | https://voltra.com.ar/products/aspiradora-voltra-swift | https://voltra.com.ar/products/auriculares-bluetooth-inalambricos-voltra-pro-run-1-sonido-de-alta-calidad | https://voltra.com.ar/products/bolsa-voltra | https://voltra.com.ar/products/bolsas-al-vacio-premium | https://voltra.com.ar/products/cafe-colombiano-de-especialidad-aura-250g-500g-1000g | https://voltra.com.ar/products/carro-voltra-plegable-reforzado-y-compacto | https://voltra.com.ar/products/filtro-hepa-hl-138 | https://voltra.com.ar/products/hidrolavadora-voltra-portatil-e-inalambrica-de-alta-presion-kit-completo | https://voltra.com.ar/products/kit-polea-de-gluteos-voltra%C2%AE-programa-21-dias-ebook-video | https://voltra.com.ar/products/limpiador-de-manchas-pro-absorbe-seca-y-limpia | https://voltra.com.ar/products/memoria-externa-usb-c-dual-2tb-para-iphone-ipad-usb-c-y-pc | https://voltra.com.ar/products/mini-shaver-voltra-afeitadora-facial-sumergible-ipx7-barba-y-cabello | https://voltra.com.ar/products/mochila-voltra%C2%AE-core-45l | https://voltra.com.ar/products/molinillo-de-cafe-electrico-portatil-recargable-usb-voltra | https://voltra.com.ar/products/molinillo-de-cafe-manual-portatil-voltra%C2%AE | https://voltra.com.ar/products/mosqueton-premium | https://voltra.com.ar/products/pack-x10-filtro-hepa-hl-121 | https://voltra.com.ar/products/pack-x5-velcros-3d-premium | https://voltra.com.ar/products/palm-masajeador | https://voltra.com.ar/products/punchpro%E2%84%A2-bolsa-de-boxeo-antiestres | https://voltra.com.ar/products/relaxit%E2%84%A2-masajeador-de-cuello-espalda-y-hombros-de-16-cabezales | https://voltra.com.ar/products/sellador-al-vacio-voltra | https://voltra.com.ar/products/sellador-al-vacio-voltra-portatil-recargable-para-bolsas-reutilizables-con-valvula-kit-bolsas | https://voltra.com.ar/products/smashit-saco-de-boxeo | https://voltra.com.ar/products/soporte-auto-carga-magnetica | https://voltra.com.ar/products/soporte-de-notebook-voltra%C2%AE-ajustable-ergonomico-y-plegable | https://voltra.com.ar/products/suite-grafito%E2%84%A2-set-de-bano-3-piezas-aterciopelado-antideslizante-ducha-contorno-tapa | https://voltra.com.ar/products/tabla-de-flexiones-push-up-board-plegable-voltra%C2%AE | https://voltra.com.ar/products/voltra-bag-bolsa-manta-plegable-2-en-1 | https://voltra.com.ar/products/voltra-brazelet | https://voltra.com.ar/products/voltra-go-cart-carro-retractil-plegable-multiuso | https://voltra.com.ar/products/voltra-pin-graba-cada-instante | https://voltra.com.ar/products/voltrabox-saco-de-boxeo | https://voltra.com.ar/products/x10-filtro-hepa-hl-138
https://voltra.com.ar/policies/refund-policy,200,https://voltra.com.ar/policies/refund-policy,Visa,2,False,282897,0.730224,https://voltra.com.ar/ | https://voltra.com.ar/blogs/noticias | https://voltra.com.ar/collections/accesorios-mochila | https://voltra.com.ar/collections/afeitadoras-sumergibles | https://voltra.com.ar/collections/afeitadoras-voltra | https://voltra.com.ar/collections/all | https://voltra.com.ar/collections/all?page=1 | https://voltra.com.ar/collections/all?page=2 | https://voltra.com.ar/collections/aspiradoras-de-mano | https://voltra.com.ar/collections/cafeteria | https://voltra.com.ar/collections/cocina-inteligente | https://voltra.com.ar/collections/filtros-aspiradoras | https://voltra.com.ar/collections/mas-vendidos | https://voltra.com.ar/collections/mas-vendidos?page=1 | https://voltra.com.ar/collections/mas-vendidos?page=2 | https://voltra.com.ar/collections/mochilas-voltra%C2%AE | https://voltra.com.ar/collections/most-sold | https://voltra.com.ar/collections/nuevos-productos | https://voltra.com.ar/collections/ultimos-ingresos | https://voltra.com.ar/collections/wellness-bienestar | https://voltra.com.ar/pages/agradecimiento-voltra | https://voltra.com.ar/pages/colaboraciones-ugc | https://voltra.com.ar/pages/como-comprar | https://voltra.com.ar/pages/como-son-los-envios | https://voltra.com.ar/pages/contact | https://voltra.com.ar/pages/hot-voltra-2026-vip | https://voltra.com.ar/pages/invitacion-vip-hot-voltra | https://voltra.com.ar/pages/mayoristas | https://voltra.com.ar/pages/medios-de-pago | https://voltra.com.ar/pages/politica-de-cambios-y-devoluciones | https://voltra.com.ar/pages/quienes-somos | https://voltra.com.ar/pages/venta-mayorista | https://voltra.com.ar/pages/vip-link-magico-hot-voltra | https://voltra.com.ar/policies/privacy-policy | https://voltra.com.ar/policies/refund-policy | https://voltra.com.ar/policies/shipping-policy | https://voltra.com.ar/policies/terms-of-service | https://voltra.com.ar/products/adaptador-de-carga-usb-voltra | https://voltra.com.ar/products/afeitadora-anti-cortes-100-sumergible-voltra%C2%AE | https://voltra.com.ar/products/afeitadora-corporal-anti-cortes-voltra-ipx7 | https://voltra.com.ar/products/afeitadora-corporal-voltra-blade-pro-sumergible-sin-cortes-sin-lastimaduras | https://voltra.com.ar/products/aspiradora-inalambrica-voltra%C2%AE-3-en-1-black-edition | https://voltra.com.ar/products/aspiradora-inalambrica-voltra-3-en-1 | https://voltra.com.ar/products/aspiradora-para-mascotas-voltra-kit-grooming-perros-y-gatos | https://voltra.com.ar/products/aspiradora-voltra-swift | https://voltra.com.ar/products/auriculares-bluetooth-inalambricos-voltra-pro-run-1-sonido-de-alta-calidad | https://voltra.com.ar/products/bolsa-voltra | https://voltra.com.ar/products/bolsas-al-vacio-premium | https://voltra.com.ar/products/cafe-colombiano-de-especialidad-aura-250g-500g-1000g | https://voltra.com.ar/products/carro-voltra-plegable-reforzado-y-compacto | https://voltra.com.ar/products/filtro-hepa-hl-138 | https://voltra.com.ar/products/hidrolavadora-voltra-portatil-e-inalambrica-de-alta-presion-kit-completo | https://voltra.com.ar/products/kit-polea-de-gluteos-voltra%C2%AE-programa-21-dias-ebook-video | https://voltra.com.ar/products/limpiador-de-manchas-pro-absorbe-seca-y-limpia | https://voltra.com.ar/products/memoria-externa-usb-c-dual-2tb-para-iphone-ipad-usb-c-y-pc | https://voltra.com.ar/products/mini-shaver-voltra-afeitadora-facial-sumergible-ipx7-barba-y-cabello | https://voltra.com.ar/products/mochila-voltra%C2%AE-core-45l | https://voltra.com.ar/products/molinillo-de-cafe-electrico-portatil-recargable-usb-voltra | https://voltra.com.ar/products/molinillo-de-cafe-manual-portatil-voltra%C2%AE | https://voltra.com.ar/products/mosqueton-premium | https://voltra.com.ar/products/pack-x10-filtro-hepa-hl-121 | https://voltra.com.ar/products/pack-x5-velcros-3d-premium | https://voltra.com.ar/products/palm-masajeador | https://voltra.com.ar/products/punchpro%E2%84%A2-bolsa-de-boxeo-antiestres | https://voltra.com.ar/products/relaxit%E2%84%A2-masajeador-de-cuello-espalda-y-hombros-de-16-cabezales | https://voltra.com.ar/products/sellador-al-vacio-voltra | https://voltra.com.ar/products/sellador-al-vacio-voltra-portatil-recargable-para-bolsas-reutilizables-con-valvula-kit-bolsas | https://voltra.com.ar/products/smashit-saco-de-boxeo | https://voltra.com.ar/products/soporte-auto-carga-magnetica | https://voltra.com.ar/products/soporte-de-notebook-voltra%C2%AE-ajustable-ergonomico-y-plegable | https://voltra.com.ar/products/suite-grafito%E2%84%A2-set-de-bano-3-piezas-aterciopelado-antideslizante-ducha-contorno-tapa | https://voltra.com.ar/products/tabla-de-flexiones-push-up-board-plegable-voltra%C2%AE | https://voltra.com.ar/products/voltra-bag-bolsa-manta-plegable-2-en-1 | https://voltra.com.ar/products/voltra-brazelet | https://voltra.com.ar/products/voltra-go-cart-carro-retractil-plegable-multiuso | https://voltra.com.ar/products/voltra-pin-graba-cada-instante | https://voltra.com.ar/products/voltrabox-saco-de-boxeo | https://voltra.com.ar/products/x10-filtro-hepa-hl-138
https://voltra.com.ar/policies/privacy-policy,200,https://voltra.com.ar/policies/privacy-policy,Visa,1,False,297765,0.605566,https://voltra.com.ar/ | https://voltra.com.ar/blogs/noticias | https://voltra.com.ar/collections/accesorios-mochila | https://voltra.com.ar/collections/afeitadoras-sumergibles | https://voltra.com.ar/collections/afeitadoras-voltra | https://voltra.com.ar/collections/all | https://voltra.com.ar/collections/all?page=1 | https://voltra.com.ar/collections/all?page=2 | https://voltra.com.ar/collections/aspiradoras-de-mano | https://voltra.com.ar/collections/cafeteria | https://voltra.com.ar/collections/cocina-inteligente | https://voltra.com.ar/collections/filtros-aspiradoras | https://voltra.com.ar/collections/mas-vendidos | https://voltra.com.ar/collections/mas-vendidos?page=1 | https://voltra.com.ar/collections/mas-vendidos?page=2 | https://voltra.com.ar/collections/mochilas-voltra%C2%AE | https://voltra.com.ar/collections/most-sold | https://voltra.com.ar/collections/nuevos-productos | https://voltra.com.ar/collections/ultimos-ingresos | https://voltra.com.ar/collections/wellness-bienestar | https://voltra.com.ar/pages/agradecimiento-voltra | https://voltra.com.ar/pages/colaboraciones-ugc | https://voltra.com.ar/pages/como-comprar | https://voltra.com.ar/pages/como-son-los-envios | https://voltra.com.ar/pages/contact | https://voltra.com.ar/pages/hot-voltra-2026-vip | https://voltra.com.ar/pages/invitacion-vip-hot-voltra | https://voltra.com.ar/pages/mayoristas | https://voltra.com.ar/pages/medios-de-pago | https://voltra.com.ar/pages/politica-de-cambios-y-devoluciones | https://voltra.com.ar/pages/quienes-somos | https://voltra.com.ar/pages/venta-mayorista | https://voltra.com.ar/pages/vip-link-magico-hot-voltra | https://voltra.com.ar/policies/privacy-policy | https://voltra.com.ar/policies/refund-policy | https://voltra.com.ar/policies/shipping-policy | https://voltra.com.ar/policies/terms-of-service | https://voltra.com.ar/products/adaptador-de-carga-usb-voltra | https://voltra.com.ar/products/afeitadora-anti-cortes-100-sumergible-voltra%C2%AE | https://voltra.com.ar/products/afeitadora-corporal-anti-cortes-voltra-ipx7 | https://voltra.com.ar/products/afeitadora-corporal-voltra-blade-pro-sumergible-sin-cortes-sin-lastimaduras | https://voltra.com.ar/products/aspiradora-inalambrica-voltra%C2%AE-3-en-1-black-edition | https://voltra.com.ar/products/aspiradora-inalambrica-voltra-3-en-1 | https://voltra.com.ar/products/aspiradora-para-mascotas-voltra-kit-grooming-perros-y-gatos | https://voltra.com.ar/products/aspiradora-voltra-swift | https://voltra.com.ar/products/auriculares-bluetooth-inalambricos-voltra-pro-run-1-sonido-de-alta-calidad | https://voltra.com.ar/products/bolsa-voltra | https://voltra.com.ar/products/bolsas-al-vacio-premium | https://voltra.com.ar/products/cafe-colombiano-de-especialidad-aura-250g-500g-1000g | https://voltra.com.ar/products/carro-voltra-plegable-reforzado-y-compacto | https://voltra.com.ar/products/filtro-hepa-hl-138 | https://voltra.com.ar/products/hidrolavadora-voltra-portatil-e-inalambrica-de-alta-presion-kit-completo | https://voltra.com.ar/products/kit-polea-de-gluteos-voltra%C2%AE-programa-21-dias-ebook-video | https://voltra.com.ar/products/limpiador-de-manchas-pro-absorbe-seca-y-limpia | https://voltra.com.ar/products/memoria-externa-usb-c-dual-2tb-para-iphone-ipad-usb-c-y-pc | https://voltra.com.ar/products/mini-shaver-voltra-afeitadora-facial-sumergible-ipx7-barba-y-cabello | https://voltra.com.ar/products/mochila-voltra%C2%AE-core-45l | https://voltra.com.ar/products/molinillo-de-cafe-electrico-portatil-recargable-usb-voltra | https://voltra.com.ar/products/molinillo-de-cafe-manual-portatil-voltra%C2%AE | https://voltra.com.ar/products/mosqueton-premium | https://voltra.com.ar/products/pack-x10-filtro-hepa-hl-121 | https://voltra.com.ar/products/pack-x5-velcros-3d-premium | https://voltra.com.ar/products/palm-masajeador | https://voltra.com.ar/products/punchpro%E2%84%A2-bolsa-de-boxeo-antiestres | https://voltra.com.ar/products/relaxit%E2%84%A2-masajeador-de-cuello-espalda-y-hombros-de-16-cabezales | https://voltra.com.ar/products/sellador-al-vacio-voltra | https://voltra.com.ar/products/sellador-al-vacio-voltra-portatil-recargable-para-bolsas-reutilizables-con-valvula-kit-bolsas | https://voltra.com.ar/products/smashit-saco-de-boxeo | https://voltra.com.ar/products/soporte-auto-carga-magnetica | https://voltra.com.ar/products/soporte-de-notebook-voltra%C2%AE-ajustable-ergonomico-y-plegable | https://voltra.com.ar/products/suite-grafito%E2%84%A2-set-de-bano-3-piezas-aterciopelado-antideslizante-ducha-contorno-tapa | https://voltra.com.ar/products/tabla-de-flexiones-push-up-board-plegable-voltra%C2%AE | https://voltra.com.ar/products/voltra-bag-bolsa-manta-plegable-2-en-1 | https://voltra.com.ar/products/voltra-brazelet | https://voltra.com.ar/products/voltra-go-cart-carro-retractil-plegable-multiuso | https://voltra.com.ar/products/voltra-pin-graba-cada-instante | https://voltra.com.ar/products/voltrabox-saco-de-boxeo | https://voltra.com.ar/products/x10-filtro-hepa-hl-138
https://voltra.com.ar/policies/terms-of-service,200,https://voltra.com.ar/policies/terms-of-service,Visa,2,False,289828,0.600494,https://voltra.com.ar/ | https://voltra.com.ar/blogs/noticias | https://voltra.com.ar/collections/accesorios-mochila | https://voltra.com.ar/collections/afeitadoras-sumergibles | https://voltra.com.ar/collections/afeitadoras-voltra | https://voltra.com.ar/collections/all | https://voltra.com.ar/collections/all?page=1 | https://voltra.com.ar/collections/all?page=2 | https://voltra.com.ar/collections/aspiradoras-de-mano | https://voltra.com.ar/collections/cafeteria | https://voltra.com.ar/collections/cocina-inteligente | https://voltra.com.ar/collections/filtros-aspiradoras | https://voltra.com.ar/collections/mas-vendidos | https://voltra.com.ar/collections/mas-vendidos?page=1 | https://voltra.com.ar/collections/mas-vendidos?page=2 | https://voltra.com.ar/collections/mochilas-voltra%C2%AE | https://voltra.com.ar/collections/most-sold | https://voltra.com.ar/collections/nuevos-productos | https://voltra.com.ar/collections/ultimos-ingresos | https://voltra.com.ar/collections/wellness-bienestar | https://voltra.com.ar/pages/agradecimiento-voltra | https://voltra.com.ar/pages/colaboraciones-ugc | https://voltra.com.ar/pages/como-comprar | https://voltra.com.ar/pages/como-son-los-envios | https://voltra.com.ar/pages/contact | https://voltra.com.ar/pages/hot-voltra-2026-vip | https://voltra.com.ar/pages/invitacion-vip-hot-voltra | https://voltra.com.ar/pages/mayoristas | https://voltra.com.ar/pages/medios-de-pago | https://voltra.com.ar/pages/politica-de-cambios-y-devoluciones | https://voltra.com.ar/pages/quienes-somos | https://voltra.com.ar/pages/venta-mayorista | https://voltra.com.ar/pages/vip-link-magico-hot-voltra | https://voltra.com.ar/policies/privacy-policy | https://voltra.com.ar/policies/refund-policy | https://voltra.com.ar/policies/shipping-policy | https://voltra.com.ar/policies/terms-of-service | https://voltra.com.ar/products/adaptador-de-carga-usb-voltra | https://voltra.com.ar/products/afeitadora-anti-cortes-100-sumergible-voltra%C2%AE | https://voltra.com.ar/products/afeitadora-corporal-anti-cortes-voltra-ipx7 | https://voltra.com.ar/products/afeitadora-corporal-voltra-blade-pro-sumergible-sin-cortes-sin-lastimaduras | https://voltra.com.ar/products/aspiradora-inalambrica-voltra%C2%AE-3-en-1-black-edition | https://voltra.com.ar/products/aspiradora-inalambrica-voltra-3-en-1 | https://voltra.com.ar/products/aspiradora-para-mascotas-voltra-kit-grooming-perros-y-gatos | https://voltra.com.ar/products/aspiradora-voltra-swift | https://voltra.com.ar/products/auriculares-bluetooth-inalambricos-voltra-pro-run-1-sonido-de-alta-calidad | https://voltra.com.ar/products/bolsa-voltra | https://voltra.com.ar/products/bolsas-al-vacio-premium | https://voltra.com.ar/products/cafe-colombiano-de-especialidad-aura-250g-500g-1000g | https://voltra.com.ar/products/carro-voltra-plegable-reforzado-y-compacto | https://voltra.com.ar/products/filtro-hepa-hl-138 | https://voltra.com.ar/products/hidrolavadora-voltra-portatil-e-inalambrica-de-alta-presion-kit-completo | https://voltra.com.ar/products/kit-polea-de-gluteos-voltra%C2%AE-programa-21-dias-ebook-video | https://voltra.com.ar/products/limpiador-de-manchas-pro-absorbe-seca-y-limpia | https://voltra.com.ar/products/memoria-externa-usb-c-dual-2tb-para-iphone-ipad-usb-c-y-pc | https://voltra.com.ar/products/mini-shaver-voltra-afeitadora-facial-sumergible-ipx7-barba-y-cabello | https://voltra.com.ar/products/mochila-voltra%C2%AE-core-45l | https://voltra.com.ar/products/molinillo-de-cafe-electrico-portatil-recargable-usb-voltra | https://voltra.com.ar/products/molinillo-de-cafe-manual-portatil-voltra%C2%AE | https://voltra.com.ar/products/mosqueton-premium | https://voltra.com.ar/products/pack-x10-filtro-hepa-hl-121 | https://voltra.com.ar/products/pack-x5-velcros-3d-premium | https://voltra.com.ar/products/palm-masajeador | https://voltra.com.ar/products/punchpro%E2%84%A2-bolsa-de-boxeo-antiestres | https://voltra.com.ar/products/relaxit%E2%84%A2-masajeador-de-cuello-espalda-y-hombros-de-16-cabezales | https://voltra.com.ar/products/sellador-al-vacio-voltra | https://voltra.com.ar/products/sellador-al-vacio-voltra-portatil-recargable-para-bolsas-reutilizables-con-valvula-kit-bolsas | https://voltra.com.ar/products/smashit-saco-de-boxeo | https://voltra.com.ar/products/soporte-auto-carga-magnetica | https://voltra.com.ar/products/soporte-de-notebook-voltra%C2%AE-ajustable-ergonomico-y-plegable | https://voltra.com.ar/products/suite-grafito%E2%84%A2-set-de-bano-3-piezas-aterciopelado-antideslizante-ducha-contorno-tapa | https://voltra.com.ar/products/tabla-de-flexiones-push-up-board-plegable-voltra%C2%AE | https://voltra.com.ar/products/voltra-bag-bolsa-manta-plegable-2-en-1 | https://voltra.com.ar/products/voltra-brazelet | https://voltra.com.ar/products/voltra-go-cart-carro-retractil-plegable-multiuso | https://voltra.com.ar/products/voltra-pin-graba-cada-instante | https://voltra.com.ar/products/voltrabox-saco-de-boxeo | https://voltra.com.ar/products/x10-filtro-hepa-hl-138
https://voltra.com.ar/products/smashit-saco-de-boxeo,200,https://voltra.com.ar/products/voltrabox-saco-de-boxeo,Visa,1,True,567505,0.947729,https://voltra.com.ar/products/smashit-saco-de-boxeo | https://voltra.com.ar/products/voltrabox-saco-de-boxeo
https://voltra.com.ar/products/sellador-al-vacio-voltra-portatil-recargable-para-bolsas-reutilizables-con-valvula-kit-bolsas,200,https://voltra.com.ar/,Visa,1,True,515135,0.925823,https://voltra.com.ar/products/sellador-al-vacio-voltra | https://voltra.com.ar/products/sellador-al-vacio-voltra-portatil-recargable-para-bolsas-reutilizables-con-valvula-kit-bolsas
https://voltra.com.ar/products/afeitadora-corporal-anti-cortes-voltra-ipx7,200,https://voltra.com.ar/,Visa,1,True,515135,0.915982,https://voltra.com.ar/products/afeitadora-anti-cortes-100-sumergible-voltra%C2%AE | https://voltra.com.ar/products/afeitadora-corporal-anti-cortes-voltra-ipx7
https://voltra.com.ar/collections/mas-vendidos?page=2,200,https://voltra.com.ar/collections/mas-vendidos?page=2,Visa,1,False,392520,0.702072,https://voltra.com.ar/collections/mas-vendidos | https://voltra.com.ar/collections/mas-vendidos?page=1 | https://voltra.com.ar/collections/mas-vendidos?page=2
https://voltra.com.ar/products/filtro-hepa-hl-138,200,https://voltra.com.ar/products/filtro-hepa-hl-138,Visa,1,True,356617,0.575305,https://voltra.com.ar/collections/all | https://voltra.com.ar/collections/all?page=1 | https://voltra.com.ar/collections/filtros-aspiradoras | https://voltra.com.ar/products/filtro-hepa-hl-138
https://voltra.com.ar/products/x10-filtro-hepa-hl-138,200,https://voltra.com.ar/products/x10-filtro-hepa-hl-138,Visa,1,True,356775,0.640321,https://voltra.com.ar/collections/all | https://voltra.com.ar/collections/all?page=1 | https://voltra.com.ar/collections/filtros-aspiradoras | https://voltra.com.ar/products/x10-filtro-hepa-hl-138
https://voltra.com.ar/products/pack-x10-filtro-hepa-hl-121,200,https://voltra.com.ar/products/pack-x10-filtro-hepa-hl-121,Visa,1,True,357752,0.581431,https://voltra.com.ar/collections/all | https://voltra.com.ar/collections/all?page=1 | https://voltra.com.ar/collections/filtros-aspiradoras | https://voltra.com.ar/products/pack-x10-filtro-hepa-hl-121
https://voltra.com.ar/collections/all?page=2,200,https://voltra.com.ar/collections/all?page=2,Visa,1,False,562654,0.631918,https://voltra.com.ar/collections/all | https://voltra.com.ar/collections/all?page=1 | https://voltra.com.ar/collections/all?page=2
https://voltra.com.ar/collections/mas-vendidos?page=1,200,https://voltra.com.ar/collections/mas-vendidos?page=1,Visa,1,False,588525,0.673204,https://voltra.com.ar/collections/mas-vendidos?page=1 | https://voltra.com.ar/collections/mas-vendidos?page=2
https://voltra.com.ar/collections/all?page=1,200,https://voltra.com.ar/collections/all?page=1,Visa,1,False,591639,0.641924,https://voltra.com.ar/collections/all?page=1 | https://voltra.com.ar/collections/all?page=2
